timestamp,precipitation,temperature_2m,relative_humidity_2m,surface_pressure,soil_temperature_0_to_7cm,soil_moisture_0_to_7cm,lat,lon,landslide
2026-06-01 00:00:00,0.3,16.5,89,846.4,17.5,0.384,27.33,88.61,0
2026-06-01 01:00:00,0.1,16.5,85,846.0,16.9,0.385,27.33,88.61,0
2026-06-01 02:00:00,0.2,15.9,85,845.3,16.3,0.385,27.33,88.61,0
2026-06-01 03:00:00,0.0,15.6,83,845.3,15.9,0.385,27.33,88.61,0
2026-06-01 04:00:00,0.0,14.8,85,845.0,15.4,0.385,27.33,88.61,0
2026-06-01 05:00:00,0.0,16.8,95,846.8,15.8,0.384,27.33,88.61,0
2026-06-01 06:00:00,0.0,18.0,97,847.5,17.0,0.383,27.33,88.61,0
2026-06-01 07:00:00,0.0,20.1,88,849.0,18.3,0.383,27.33,88.61,0
2026-06-01 08:00:00,0.0,22.7,68,850.3,19.7,0.382,27.33,88.61,0
2026-06-01 09:00:00,0.0,24.2,59,850.5,20.8,0.38,27.33,88.61,0
2026-06-01 10:00:00,0.0,25.4,54,850.5,21.9,0.378,27.33,88.61,0
2026-06-01 11:00:00,0.1,25.1,55,850.4,22.7,0.385,27.33,88.61,0
2026-06-01 12:00:00,0.0,25.6,54,849.8,23.3,0.382,27.33,88.61,0
2026-06-01 13:00:00,0.0,24.9,56,849.0,23.5,0.381,27.33,88.61,0
2026-06-01 14:00:00,0.2,24.5,59,848.1,23.5,0.38,27.33,88.61,0
2026-06-01 15:00:00,0.1,24.0,62,847.4,23.3,0.379,27.33,88.61,0
2026-06-01 16:00:00,0.1,22.7,67,847.2,22.9,0.378,27.33,88.61,0
2026-06-01 17:00:00,0.1,19.1,96,847.2,22.6,0.381,27.33,88.61,0
2026-06-01 18:00:00,0.4,19.0,95,847.2,21.0,0.384,27.33,88.61,0
2026-06-01 19:00:00,0.1,18.6,93,847.1,19.5,0.384,27.33,88.61,0
2026-06-01 20:00:00,0.0,18.1,94,847.5,18.4,0.384,27.33,88.61,0
2026-06-01 21:00:00,0.0,17.6,96,847.6,17.5,0.383,27.33,88.61,0
2026-06-01 22:00:00,0.0,17.2,92,847.4,16.8,0.383,27.33,88.61,0
2026-06-01 23:00:00,0.0,17.2,90,847.2,16.5,0.381,27.33,88.61,0
2026-06-02 00:00:00,0.0,16.0,88,846.2,16.1,0.38,27.33,88.61,1
2026-06-02 01:00:00,0.0,15.8,83,845.4,15.7,0.38,27.33,88.61,1
2026-06-02 02:00:00,0.0,15.5,80,844.9,15.3,0.38,27.33,88.61,1
2026-06-02 03:00:00,0.2,14.5,82,844.3,14.9,0.382,27.33,88.61,1
2026-06-02 04:00:00,1.0,13.7,87,844.0,14.6,0.39,27.33,88.61,1
2026-06-02 05:00:00,1.8,16.6,87,846.1,15.6,0.375,27.33,88.61,1
2026-06-02 06:00:00,0.0,17.4,99,846.6,16.9,0.375,27.33,88.61,1
2026-06-02 07:00:00,0.0,20.0,90,847.8,18.3,0.374,27.33,88.61,1
2026-06-02 08:00:00,0.0,22.4,72,849.0,19.7,0.374,27.33,88.61,1
2026-06-02 09:00:00,0.0,24.1,61,849.3,21.0,0.372,27.33,88.61,1
2026-06-02 10:00:00,0.0,25.4,55,849.1,22.1,0.371,27.33,88.61,1
2026-06-02 11:00:00,0.0,25.8,53,849.0,23.1,0.382,27.33,88.61,1
2026-06-02 12:00:00,0.2,26.2,51,848.3,23.8,0.38,27.33,88.61,1
2026-06-02 13:00:00,0.3,26.0,53,847.1,24.1,0.379,27.33,88.61,1
2026-06-02 14:00:00,0.5,25.0,58,846.2,24.1,0.38,27.33,88.61,1
2026-06-02 15:00:00,0.2,23.7,64,845.4,23.8,0.38,27.33,88.61,1
2026-06-02 16:00:00,0.5,21.6,80,844.5,23.2,0.381,27.33,88.61,1
2026-06-02 17:00:00,0.6,19.7,95,844.6,23.3,0.372,27.33,88.61,1
2026-06-02 18:00:00,0.2,18.6,100,844.7,21.7,0.373,27.33,88.61,1
2026-06-02 19:00:00,0.3,18.5,98,844.8,20.4,0.375,27.33,88.61,1
2026-06-02 20:00:00,0.3,17.7,100,845.2,19.3,0.377,27.33,88.61,1
2026-06-02 21:00:00,0.7,17.5,100,846.0,18.5,0.383,27.33,88.61,1
2026-06-02 22:00:00,0.7,17.1,99,845.7,17.9,0.389,27.33,88.61,1
2026-06-02 23:00:00,0.8,17.3,98,845.4,17.9,0.389,27.33,88.61,1
2026-06-03 00:00:00,1.2,16.9,96,844.4,17.6,0.399,27.33,88.61,1
2026-06-03 01:00:00,0.9,16.9,93,843.8,17.3,0.405,27.33,88.61,1
2026-06-03 02:00:00,0.2,17.3,89,843.1,16.8,0.404,27.33,88.61,1
2026-06-03 03:00:00,0.1,16.9,89,842.6,16.3,0.403,27.33,88.61,1
2026-06-03 04:00:00,0.0,16.5,89,842.7,15.9,0.401,27.33,88.61,1
2026-06-03 05:00:00,0.0,16.1,91,842.9,15.9,0.397,27.33,88.61,1
2026-06-03 06:00:00,0.0,17.9,98,843.8,17.0,0.396,27.33,88.61,1
2026-06-03 07:00:00,0.0,20.0,88,845.2,18.5,0.394,27.33,88.61,1
2026-06-03 08:00:00,0.0,22.5,72,846.4,19.9,0.393,27.33,88.61,1
2026-06-03 09:00:00,0.0,24.2,62,846.5,21.1,0.39,27.33,88.61,1
2026-06-03 10:00:00,0.0,25.9,50,846.4,22.3,0.388,27.33,88.61,1
2026-06-03 11:00:00,0.3,26.5,48,846.3,23.3,0.412,27.33,88.61,1
2026-06-03 12:00:00,0.3,26.6,52,845.0,23.9,0.408,27.33,88.61,1
2026-06-03 13:00:00,0.4,26.0,54,844.1,24.3,0.406,27.33,88.61,1
2026-06-03 14:00:00,0.9,24.6,62,843.5,24.1,0.406,27.33,88.61,1
2026-06-03 15:00:00,0.8,23.0,71,842.6,23.7,0.407,27.33,88.61,1
2026-06-03 16:00:00,2.6,20.0,90,841.5,22.4,0.42,27.33,88.61,1
2026-06-03 17:00:00,1.5,20.5,94,842.2,23.3,0.394,27.33,88.61,1
2026-06-03 18:00:00,0.6,19.4,92,842.3,21.6,0.397,27.33,88.61,1
2026-06-03 19:00:00,0.3,19.1,88,842.7,20.3,0.399,27.33,88.61,1
2026-06-03 20:00:00,1.5,18.2,93,843.3,19.4,0.41,27.33,88.61,1
2026-06-03 21:00:00,1.6,17.9,95,844.0,19.0,0.42,27.33,88.61,1
2026-06-03 22:00:00,4.1,17.4,94,843.8,18.5,0.432,27.33,88.61,1
2026-06-03 23:00:00,3.3,18.0,89,843.4,18.5,0.439,27.33,88.61,1
2026-06-04 00:00:00,3.4,17.9,89,842.7,18.2,0.434,27.33,88.61,0
2026-06-04 01:00:00,1.3,17.8,88,842.3,17.8,0.433,27.33,88.61,0
2026-06-04 02:00:00,0.7,17.6,87,841.7,17.4,0.43,27.33,88.61,0
2026-06-04 03:00:00,0.8,17.4,89,841.4,17.1,0.429,27.33,88.61,0
2026-06-04 04:00:00,0.3,16.8,91,841.5,16.7,0.426,27.33,88.61,0
2026-06-04 05:00:00,0.4,17.5,91,842.6,16.2,0.416,27.33,88.61,0
2026-06-04 06:00:00,0.0,18.1,99,843.1,17.5,0.413,27.33,88.61,0
2026-06-04 07:00:00,0.0,19.6,92,844.0,18.5,0.41,27.33,88.61,0
2026-06-04 08:00:00,0.0,21.9,75,845.2,19.9,0.408,27.33,88.61,0
2026-06-04 09:00:00,0.0,23.5,64,845.4,20.9,0.406,27.33,88.61,0
2026-06-04 10:00:00,0.0,25.1,54,845.3,21.9,0.403,27.33,88.61,0
2026-06-04 11:00:00,0.0,26.0,50,845.2,22.9,0.423,27.33,88.61,0
2026-06-04 12:00:00,0.1,26.0,51,844.5,23.6,0.417,27.33,88.61,0
2026-06-04 13:00:00,0.5,24.6,60,843.6,23.7,0.415,27.33,88.61,0
2026-06-04 14:00:00,1.1,22.7,71,842.4,23.4,0.416,27.33,88.61,0
2026-06-04 15:00:00,0.5,22.6,74,842.3,23.3,0.415,27.33,88.61,0
2026-06-04 16:00:00,1.3,21.8,86,842.1,22.8,0.417,27.33,88.61,0
2026-06-04 17:00:00,2.1,20.3,95,841.7,22.4,0.4,27.33,88.61,0
2026-06-04 18:00:00,1.3,19.6,86,841.7,21.1,0.409,27.33,88.61,0
2026-06-04 19:00:00,0.4,19.4,85,842.3,20.0,0.41,27.33,88.61,0
2026-06-04 20:00:00,1.5,18.3,93,843.0,19.2,0.42,27.33,88.61,0
2026-06-04 21:00:00,0.9,17.6,97,843.3,18.6,0.423,27.33,88.61,0
2026-06-04 22:00:00,0.9,17.2,98,843.2,18.2,0.425,27.33,88.61,0
2026-06-04 23:00:00,1.2,17.2,95,843.0,18.0,0.432,27.33,88.61,0
2026-06-05 00:00:00,1.6,17.5,89,842.8,17.8,0.433,27.33,88.61,0
2026-06-05 01:00:00,0.5,18.0,84,842.2,17.6,0.428,27.33,88.61,0
2026-06-05 02:00:00,0.1,17.2,88,842.0,17.1,0.423,27.33,88.61,0
2026-06-05 03:00:00,0.0,17.7,83,841.9,16.7,0.419,27.33,88.61,0
2026-06-05 04:00:00,0.0,17.4,86,841.7,16.5,0.417,27.33,88.61,0
2026-06-05 05:00:00,0.0,18.8,88,843.4,16.8,0.419,27.33,88.61,0
2026-06-05 06:00:00,0.0,19.0,97,843.2,18.0,0.417,27.33,88.61,0
2026-06-05 07:00:00,0.0,20.3,91,844.1,19.2,0.415,27.33,88.61,0
2026-06-05 08:00:00,0.0,22.5,71,845.5,20.5,0.413,27.33,88.61,0
2026-06-05 09:00:00,0.0,24.4,55,846.1,21.5,0.41,27.33,88.61,0
2026-06-05 10:00:00,0.0,25.6,49,846.1,22.4,0.407,27.33,88.61,0
2026-06-05 11:00:00,0.0,25.7,52,846.0,23.3,0.405,27.33,88.61,0
2026-06-05 12:00:00,0.5,25.4,59,844.3,23.8,0.405,27.33,88.61,0
2026-06-05 13:00:00,0.7,25.5,59,843.4,24.2,0.406,27.33,88.61,0
2026-06-05 14:00:00,1.0,24.9,60,843.1,24.3,0.408,27.33,88.61,0
2026-06-05 15:00:00,0.6,22.3,74,842.2,23.6,0.409,27.33,88.61,0
2026-06-05 16:00:00,0.6,21.7,84,842.1,23.0,0.41,27.33,88.61,0
2026-06-05 17:00:00,1.0,19.8,94,841.9,22.1,0.418,27.33,88.61,0
2026-06-05 18:00:00,1.0,19.5,94,842.0,21.2,0.423,27.33,88.61,0
2026-06-05 19:00:00,0.5,18.7,95,842.6,20.3,0.424,27.33,88.61,0
2026-06-05 20:00:00,1.9,18.0,94,843.0,19.4,0.434,27.33,88.61,0
2026-06-05 21:00:00,2.6,18.0,96,843.5,18.9,0.437,27.33,88.61,0
2026-06-05 22:00:00,2.5,17.8,98,843.8,18.7,0.438,27.33,88.61,0
2026-06-05 23:00:00,3.3,18.8,90,842.8,18.5,0.438,27.33,88.61,0
2026-06-06 00:00:00,0.5,17.7,95,842.2,18.2,0.433,27.33,88.61,0
2026-06-06 01:00:00,1.5,17.9,94,842.1,18.0,0.436,27.33,88.61,0
2026-06-06 02:00:00,0.6,18.2,93,842.2,18.0,0.433,27.33,88.61,0
2026-06-06 03:00:00,0.0,18.4,91,842.3,18.0,0.428,27.33,88.61,0
2026-06-06 04:00:00,0.1,18.0,92,842.1,17.5,0.425,27.33,88.61,0
2026-06-06 05:00:00,0.1,18.2,90,843.5,17.3,0.426,27.33,88.61,0
2026-06-06 06:00:00,0.5,18.5,99,844.0,18.3,0.425,27.33,88.61,0
2026-06-06 07:00:00,0.7,19.1,97,844.9,19.0,0.426,27.33,88.61,0
2026-06-06 08:00:00,0.4,20.2,92,845.4,19.7,0.424,27.33,88.61,0
2026-06-06 09:00:00,0.2,21.6,80,845.9,20.6,0.421,27.33,88.61,0
2026-06-06 10:00:00,0.1,24.1,65,846.3,21.8,0.418,27.33,88.61,0
2026-06-06 11:00:00,0.1,22.5,71,846.2,22.5,0.415,27.33,88.61,0
2026-06-06 12:00:00,0.1,22.3,73,845.1,22.4,0.413,27.33,88.61,0
2026-06-06 13:00:00,0.2,22.8,74,844.4,22.7,0.411,27.33,88.61,0
2026-06-06 14:00:00,0.7,21.7,78,843.3,22.5,0.412,27.33,88.61,0
2026-06-06 15:00:00,0.8,21.8,82,843.1,22.5,0.414,27.33,88.61,0
2026-06-06 16:00:00,0.7,21.3,89,842.8,22.3,0.415,27.33,88.61,0
2026-06-06 17:00:00,0.8,21.6,83,842.8,22.4,0.411,27.33,88.61,0
2026-06-06 18:00:00,0.8,19.0,91,842.6,21.5,0.413,27.33,88.61,0
2026-06-06 19:00:00,1.9,18.7,92,843.7,20.4,0.424,27.33,88.61,0
2026-06-06 20:00:00,0.9,18.8,91,844.4,19.9,0.427,27.33,88.61,0
2026-06-06 21:00:00,0.4,18.8,89,844.8,19.4,0.426,27.33,88.61,0
2026-06-06 22:00:00,0.3,18.6,89,844.8,18.9,0.425,27.33,88.61,0
2026-06-06 23:00:00,0.4,18.4,89,844.7,18.6,0.423,27.33,88.61,0
2026-06-07 00:00:00,0.8,17.3,94,843.7,18.1,0.426,27.33,88.61,0
2026-06-07 01:00:00,1.6,16.6,97,843.3,17.6,0.432,27.33,88.61,0
2026-06-07 02:00:00,1.0,16.9,96,842.9,17.5,0.432,27.33,88.61,0
2026-06-07 03:00:00,0.7,17.0,94,842.5,17.4,0.43,27.33,88.61,0
2026-06-07 04:00:00,0.7,16.9,95,842.6,17.3,0.43,27.33,88.61,0
2026-06-07 05:00:00,1.1,17.6,96,843.9,17.5,0.431,27.33,88.61,0
2026-06-07 06:00:00,1.1,17.6,99,843.8,18.0,0.433,27.33,88.61,0
2026-06-07 07:00:00,0.5,18.7,98,844.8,18.7,0.43,27.33,88.61,0
2026-06-07 08:00:00,0.2,19.9,92,845.4,19.5,0.427,27.33,88.61,0
2026-06-07 09:00:00,0.1,21.7,76,845.6,20.4,0.423,27.33,88.61,0
2026-06-07 10:00:00,0.1,24.2,59,845.8,21.7,0.419,27.33,88.61,0
2026-06-07 11:00:00,0.1,25.4,53,846.1,22.6,0.425,27.33,88.61,0
2026-06-07 12:00:00,0.1,25.3,57,844.9,23.2,0.421,27.33,88.61,0
2026-06-07 13:00:00,0.0,25.8,57,844.1,23.8,0.417,27.33,88.61,0
2026-06-07 14:00:00,1.4,23.9,68,842.7,23.9,0.42,27.33,88.61,0
2026-06-07 15:00:00,1.3,23.2,78,842.4,23.6,0.422,27.33,88.61,0
2026-06-07 16:00:00,2.0,21.3,90,841.8,23.0,0.429,27.33,88.61,0
2026-06-07 17:00:00,3.8,20.3,91,842.2,22.4,0.402,27.33,88.61,0
2026-06-07 18:00:00,0.2,18.6,98,842.3,21.3,0.403,27.33,88.61,0
2026-06-07 19:00:00,0.5,18.6,95,843.0,20.2,0.404,27.33,88.61,0
2026-06-07 20:00:00,0.8,18.0,100,843.5,19.7,0.409,27.33,88.61,0
2026-06-07 21:00:00,0.9,18.2,96,843.6,19.2,0.414,27.33,88.61,0
2026-06-07 22:00:00,0.7,17.9,98,843.8,18.7,0.418,27.33,88.61,0
2026-06-07 23:00:00,0.8,17.9,97,843.6,18.6,0.425,27.33,88.61,0
2026-06-08 00:00:00,1.1,17.8,94,842.3,18.3,0.429,27.33,88.61,0
2026-06-08 01:00:00,0.8,17.7,94,841.3,18.0,0.429,27.33,88.61,0
2026-06-08 02:00:00,0.1,17.1,95,840.8,17.3,0.425,27.33,88.61,0
2026-06-08 03:00:00,0.0,16.9,95,840.2,16.9,0.422,27.33,88.61,0
2026-06-08 04:00:00,0.0,16.9,94,840.5,16.5,0.419,27.33,88.61,0
2026-06-08 05:00:00,0.0,18.7,86,842.0,16.7,0.422,27.33,88.61,0
2026-06-08 06:00:00,0.0,19.0,96,842.0,18.0,0.419,27.33,88.61,0
2026-06-08 07:00:00,0.0,20.0,91,843.2,19.1,0.417,27.33,88.61,0
2026-06-08 08:00:00,0.0,21.9,76,844.0,20.2,0.415,27.33,88.61,0
2026-06-08 09:00:00,0.0,23.9,62,844.6,21.3,0.412,27.33,88.61,0
2026-06-08 10:00:00,0.0,25.6,56,844.6,22.4,0.41,27.33,88.61,0
2026-06-08 11:00:00,0.1,26.0,54,844.6,23.4,0.418,27.33,88.61,0
2026-06-08 12:00:00,0.3,26.3,51,843.5,24.0,0.416,27.33,88.61,0
2026-06-08 13:00:00,1.3,22.7,76,842.0,23.9,0.418,27.33,88.61,0
2026-06-08 14:00:00,1.0,25.1,64,842.8,24.0,0.419,27.33,88.61,0
2026-06-08 15:00:00,0.2,23.1,69,841.4,23.7,0.417,27.33,88.61,0
2026-06-08 16:00:00,0.6,21.4,81,841.5,23.1,0.417,27.33,88.61,0
2026-06-08 17:00:00,0.1,19.7,98,841.3,22.3,0.406,27.33,88.61,0
2026-06-08 18:00:00,2.0,19.1,97,841.3,21.3,0.42,27.33,88.61,0
2026-06-08 19:00:00,3.5,18.3,97,841.8,20.2,0.439,27.33,88.61,0
2026-06-08 20:00:00,3.7,18.3,92,842.6,19.5,0.438,27.33,88.61,0
2026-06-08 21:00:00,4.0,17.9,98,843.0,19.4,0.439,27.33,88.61,0
2026-06-08 22:00:00,2.8,18.6,90,842.8,19.1,0.437,27.33,88.61,0
2026-06-08 23:00:00,1.2,18.5,90,842.0,19.3,0.418,27.33,88.61,0
2026-06-09 00:00:00,0.5,18.5,91,841.5,19.0,0.419,27.33,88.61,0
2026-06-09 01:00:00,0.6,17.8,92,841.0,18.4,0.421,27.33,88.61,0
2026-06-09 02:00:00,0.7,18.3,88,840.5,18.2,0.423,27.33,88.61,0
2026-06-09 03:00:00,0.3,17.3,94,840.3,17.8,0.422,27.33,88.61,0
2026-06-09 04:00:00,1.1,17.4,91,840.6,17.4,0.427,27.33,88.61,0
2026-06-09 05:00:00,0.9,17.6,99,841.2,17.3,0.424,27.33,88.61,0
2026-06-09 06:00:00,1.1,17.9,99,841.7,18.1,0.428,27.33,88.61,0
2026-06-09 07:00:00,0.4,18.9,97,842.7,18.9,0.426,27.33,88.61,0
2026-06-09 08:00:00,0.4,20.2,90,843.1,20.0,0.424,27.33,88.61,0
2026-06-09 09:00:00,0.1,22.5,73,843.9,21.1,0.421,27.33,88.61,0
2026-06-09 10:00:00,0.0,24.3,60,843.9,22.1,0.418,27.33,88.61,0
2026-06-09 11:00:00,0.3,23.5,62,843.9,23.1,0.427,27.33,88.61,0
2026-06-09 12:00:00,0.2,24.2,59,843.5,23.6,0.423,27.33,88.61,0
2026-06-09 13:00:00,1.5,21.4,82,842.0,23.4,0.426,27.33,88.61,0
2026-06-09 14:00:00,0.7,23.8,68,842.4,23.5,0.424,27.33,88.61,0
2026-06-09 15:00:00,0.6,22.4,72,841.1,23.3,0.423,27.33,88.61,0
2026-06-09 16:00:00,3.6,19.1,96,840.4,22.2,0.437,27.33,88.61,0
2026-06-09 17:00:00,2.3,19.7,94,840.5,21.7,0.42,27.33,88.61,0
2026-06-09 18:00:00,0.9,18.8,96,840.8,20.7,0.423,27.33,88.61,0
2026-06-09 19:00:00,1.8,18.6,94,841.7,20.1,0.431,27.33,88.61,0
2026-06-09 20:00:00,4.4,18.0,94,842.2,19.5,0.437,27.33,88.61,0
2026-06-09 21:00:00,1.8,18.2,90,842.6,19.0,0.437,27.33,88.61,0
2026-06-09 22:00:00,0.3,17.4,93,842.6,18.4,0.43,27.33,88.61,0
2026-06-09 23:00:00,0.2,17.6,94,842.9,18.0,0.428,27.33,88.61,0
2026-06-10 00:00:00,1.9,17.5,94,842.2,18.1,0.434,27.33,88.61,0
2026-06-10 01:00:00,1.7,18.0,90,841.5,18.1,0.436,27.33,88.61,0
2026-06-10 02:00:00,0.1,17.7,90,840.6,17.7,0.43,27.33,88.61,0
2026-06-10 03:00:00,0.0,17.0,91,840.3,17.1,0.426,27.33,88.61,0
2026-06-10 04:00:00,0.0,16.4,92,840.6,16.5,0.422,27.33,88.61,0
2026-06-10 05:00:00,0.0,17.0,93,842.2,16.1,0.411,27.33,88.61,0
2026-06-10 06:00:00,0.0,17.8,98,842.7,17.2,0.41,27.33,88.61,0
2026-06-10 07:00:00,0.0,19.4,93,843.3,18.3,0.409,27.33,88.61,0
2026-06-10 08:00:00,0.0,21.1,75,844.2,19.4,0.407,27.33,88.61,0
2026-06-10 09:00:00,0.0,23.6,58,845.1,20.7,0.406,27.33,88.61,0
2026-06-10 10:00:00,0.0,24.5,58,844.6,21.7,0.404,27.33,88.61,0
2026-06-10 11:00:00,0.0,22.1,67,845.0,22.4,0.428,27.33,88.61,0
2026-06-10 12:00:00,0.1,23.1,65,844.2,22.5,0.423,27.33,88.61,0
2026-06-10 13:00:00,0.0,23.6,62,843.8,22.7,0.419,27.33,88.61,0
2026-06-10 14:00:00,0.1,23.6,64,843.0,22.9,0.416,27.33,88.61,0
2026-06-10 15:00:00,0.1,22.7,66,842.6,22.7,0.414,27.33,88.61,0
2026-06-10 16:00:00,0.1,21.8,73,842.5,22.4,0.412,27.33,88.61,0
2026-06-10 17:00:00,0.2,19.7,88,842.5,22.4,0.396,27.33,88.61,0
2026-06-10 18:00:00,0.5,18.6,96,842.3,21.3,0.397,27.33,88.61,0
2026-06-10 19:00:00,0.1,17.9,96,842.8,20.1,0.398,27.33,88.61,0
2026-06-10 20:00:00,0.1,17.5,99,843.8,19.6,0.398,27.33,88.61,0
2026-06-10 21:00:00,0.6,17.5,97,844.6,19.1,0.401,27.33,88.61,0
2026-06-10 22:00:00,0.5,17.1,96,844.5,18.3,0.404,27.33,88.61,0
2026-06-10 23:00:00,0.4,16.9,98,844.1,17.8,0.406,27.33,88.61,0
2026-06-11 00:00:00,0.5,16.7,97,843.4,17.4,0.408,27.33,88.61,0
2026-06-11 01:00:00,0.4,16.5,97,843.1,17.1,0.409,27.33,88.61,0
2026-06-11 02:00:00,0.3,16.0,97,842.5,16.7,0.41,27.33,88.61,0
2026-06-11 03:00:00,0.4,16.3,95,842.2,16.3,0.412,27.33,88.61,0
2026-06-11 04:00:00,0.1,15.8,95,842.4,15.8,0.411,27.33,88.61,0
2026-06-11 05:00:00,0.1,17.2,98,843.5,17.5,0.428,27.33,88.61,0
2026-06-11 06:00:00,0.3,17.6,98,843.9,18.0,0.426,27.33,88.61,0
2026-06-11 07:00:00,0.3,18.3,97,845.0,18.7,0.423,27.33,88.61,0
2026-06-11 08:00:00,1.0,18.4,98,845.9,19.0,0.424,27.33,88.61,0
2026-06-11 09:00:00,0.7,19.6,92,846.4,19.6,0.423,27.33,88.61,0
2026-06-11 10:00:00,0.2,21.5,77,846.9,20.4,0.421,27.33,88.61,0
2026-06-11 11:00:00,0.1,21.1,77,846.9,21.2,0.418,27.33,88.61,0
2026-06-11 12:00:00,0.1,21.6,72,846.4,21.6,0.416,27.33,88.61,0
2026-06-11 13:00:00,0.0,22.0,68,845.7,22.0,0.414,27.33,88.61,0
2026-06-11 14:00:00,0.1,22.0,70,845.4,22.2,0.412,27.33,88.61,0
2026-06-11 15:00:00,0.1,21.6,73,845.0,22.2,0.41,27.33,88.61,0
2026-06-11 16:00:00,0.1,20.1,83,844.3,21.7,0.409,27.33,88.61,0
2026-06-11 17:00:00,0.2,20.0,96,843.9,20.7,0.419,27.33,88.61,0
2026-06-11 18:00:00,0.0,19.2,98,844.1,20.3,0.417,27.33,88.61,0
2026-06-11 19:00:00,0.0,18.7,98,844.6,19.5,0.415,27.33,88.61,0
2026-06-11 20:00:00,0.0,17.9,99,845.3,18.7,0.414,27.33,88.61,0
2026-06-11 21:00:00,0.2,17.7,96,846.5,18.3,0.413,27.33,88.61,0
2026-06-11 22:00:00,0.3,17.7,97,846.6,18.2,0.413,27.33,88.61,0
2026-06-11 23:00:00,0.1,17.1,96,845.8,18.2,0.412,27.33,88.61,0
2026-06-12 00:00:00,0.2,17.3,94,845.5,17.7,0.412,27.33,88.61,0
2026-06-12 01:00:00,0.0,16.8,98,844.9,17.4,0.411,27.33,88.61,0
2026-06-12 02:00:00,0.2,16.9,98,844.7,17.2,0.411,27.33,88.61,0
2026-06-12 03:00:00,0.1,16.1,99,844.8,17.1,0.411,27.33,88.61,0
2026-06-12 04:00:00,1.0,16.4,99,845.3,17.1,0.416,27.33,88.61,0
2026-06-12 05:00:00,0.5,17.0,96,846.3,17.6,0.435,27.33,88.61,0
2026-06-12 06:00:00,1.3,16.9,98,846.8,17.8,0.435,27.33,88.61,0
2026-06-12 07:00:00,2.0,17.6,98,847.4,18.2,0.435,27.33,88.61,0
2026-06-12 08:00:00,0.5,18.1,92,847.7,18.6,0.431,27.33,88.61,0
2026-06-12 09:00:00,0.1,20.3,84,848.6,19.4,0.426,27.33,88.61,0
2026-06-12 10:00:00,0.0,21.7,73,849.2,20.3,0.422,27.33,88.61,0
2026-06-12 11:00:00,0.0,22.6,63,848.8,21.2,0.419,27.33,88.61,0
2026-06-12 12:00:00,0.0,23.0,61,847.7,21.7,0.416,27.33,88.61,0
2026-06-12 13:00:00,0.0,23.8,58,847.1,22.2,0.413,27.33,88.61,0
2026-06-12 14:00:00,0.1,24.1,56,846.8,22.6,0.411,27.33,88.61,0
2026-06-12 15:00:00,0.0,23.5,60,846.1,22.6,0.409,27.33,88.61,0
2026-06-12 16:00:00,0.0,23.0,64,845.3,22.5,0.407,27.33,88.61,0
2026-06-12 17:00:00,0.0,21.7,73,845.4,22.1,0.413,27.33,88.61,0
2026-06-12 18:00:00,0.0,19.5,82,844.7,21.0,0.412,27.33,88.61,0
2026-06-12 19:00:00,0.0,18.6,87,845.0,19.9,0.411,27.33,88.61,0
2026-06-12 20:00:00,0.0,17.9,92,845.8,19.1,0.41,27.33,88.61,0
2026-06-12 21:00:00,0.1,17.2,98,846.5,18.6,0.409,27.33,88.61,0
2026-06-12 22:00:00,0.1,16.6,100,846.6,18.1,0.408,27.33,88.61,0
2026-06-12 23:00:00,0.4,18.9,88,846.8,18.0,0.418,27.33,88.61,0
2026-06-13 00:00:00,0.2,17.0,94,845.6,17.6,0.417,27.33,88.61,0
2026-06-13 01:00:00,0.2,16.4,96,844.5,17.0,0.416,27.33,88.61,0
2026-06-13 02:00:00,0.0,15.7,99,843.9,16.3,0.414,27.33,88.61,0
2026-06-13 03:00:00,0.0,15.2,97,843.5,15.9,0.413,27.33,88.61,0
2026-06-13 04:00:00,0.0,14.3,90,843.4,15.6,0.411,27.33,88.61,0
2026-06-13 05:00:00,0.3,16.7,88,844.3,15.9,0.414,27.33,88.61,0
2026-06-13 06:00:00,0.0,18.1,98,845.3,17.2,0.412,27.33,88.61,0
2026-06-13 07:00:00,0.0,19.8,90,846.4,18.5,0.411,27.33,88.61,0
2026-06-13 08:00:00,0.1,21.5,74,847.4,19.7,0.409,27.33,88.61,0
2026-06-13 09:00:00,0.1,23.3,65,848.1,20.8,0.407,27.33,88.61,0
2026-06-13 10:00:00,0.0,24.6,60,848.3,21.9,0.405,27.33,88.61,0
2026-06-13 11:00:00,0.1,25.4,57,847.3,23.0,0.403,27.33,88.61,0
2026-06-13 12:00:00,0.0,26.0,53,846.7,23.7,0.4,27.33,88.61,0
2026-06-13 13:00:00,0.9,24.7,62,845.1,24.0,0.402,27.33,88.61,0
2026-06-13 14:00:00,0.7,25.2,61,844.9,24.0,0.403,27.33,88.61,0
2026-06-13 15:00:00,1.7,23.8,69,844.4,23.7,0.408,27.33,88.61,0
2026-06-13 16:00:00,0.7,21.3,86,843.0,22.9,0.41,27.33,88.61,0
2026-06-13 17:00:00,0.3,21.1,87,843.2,22.2,0.404,27.33,88.61,0
2026-06-13 18:00:00,0.5,18.9,93,843.0,21.2,0.405,27.33,88.61,0
2026-06-13 19:00:00,1.1,18.8,92,843.8,20.1,0.41,27.33,88.61,0
2026-06-13 20:00:00,1.7,17.7,97,844.2,19.4,0.421,27.33,88.61,0
2026-06-13 21:00:00,0.4,18.4,93,844.7,19.1,0.42,27.33,88.61,0
2026-06-13 22:00:00,0.3,18.1,93,844.2,18.7,0.419,27.33,88.61,0
2026-06-13 23:00:00,0.5,18.3,94,843.8,18.3,0.413,27.33,88.61,0
2026-06-14 00:00:00,0.2,18.0,93,842.9,17.8,0.413,27.33,88.61,0
2026-06-14 01:00:00,0.0,17.9,93,842.3,17.5,0.411,27.33,88.61,0
2026-06-14 02:00:00,0.2,17.4,95,841.9,17.3,0.411,27.33,88.61,0
2026-06-14 03:00:00,0.5,16.8,97,841.6,16.8,0.414,27.33,88.61,0
2026-06-14 04:00:00,0.7,16.6,98,841.8,16.5,0.417,27.33,88.61,0
2026-06-14 05:00:00,0.4,17.8,96,842.5,17.0,0.43,27.33,88.61,0
2026-06-14 06:00:00,0.0,18.6,98,843.0,18.1,0.426,27.33,88.61,0
2026-06-14 07:00:00,0.0,20.0,92,844.2,19.1,0.422,27.33,88.61,0
2026-06-14 08:00:00,0.0,21.7,78,844.8,20.1,0.419,27.33,88.61,0
2026-06-14 09:00:00,0.0,23.9,62,845.3,21.3,0.416,27.33,88.61,0
2026-06-14 10:00:00,0.0,25.2,57,845.4,22.3,0.413,27.33,88.61,0
2026-06-14 11:00:00,0.7,25.8,52,845.5,23.4,0.413,27.33,88.61,0
2026-06-14 12:00:00,1.0,22.8,72,844.0,23.5,0.414,27.33,88.61,0
2026-06-14 13:00:00,2.3,23.0,80,844.0,23.3,0.421,27.33,88.61,0
2026-06-14 14:00:00,1.1,21.1,90,842.3,23.0,0.423,27.33,88.61,0
2026-06-14 15:00:00,1.1,21.4,88,841.9,22.8,0.424,27.33,88.61,0
2026-06-14 16:00:00,0.2,21.3,83,841.6,22.8,0.421,27.33,88.61,0
2026-06-14 17:00:00,0.4,20.2,96,842.1,22.1,0.411,27.33,88.61,0
2026-06-14 18:00:00,0.1,19.4,95,842.7,21.2,0.41,27.33,88.61,0
2026-06-14 19:00:00,0.1,18.9,94,843.0,20.1,0.409,27.33,88.61,0
2026-06-14 20:00:00,0.1,18.1,97,843.5,19.3,0.409,27.33,88.61,0
2026-06-14 21:00:00,0.9,17.6,100,843.9,18.8,0.413,27.33,88.61,0
2026-06-14 22:00:00,1.8,17.1,100,844.5,18.3,0.424,27.33,88.61,0
2026-06-14 23:00:00,1.9,17.2,99,844.0,18.2,0.434,27.33,88.61,0
2026-06-15 00:00:00,1.6,17.1,96,842.7,17.8,0.434,27.33,88.61,0
2026-06-15 01:00:00,0.5,17.3,91,841.9,17.2,0.43,27.33,88.61,0
2026-06-15 02:00:00,0.1,16.9,93,841.7,16.8,0.426,27.33,88.61,0
2026-06-15 03:00:00,0.4,16.7,93,842.1,16.5,0.426,27.33,88.61,0
2026-06-15 04:00:00,0.4,16.7,92,842.0,16.1,0.425,27.33,88.61,0
2026-06-15 05:00:00,0.1,17.5,85,842.4,16.3,0.428,27.33,88.61,0
2026-06-15 06:00:00,0.0,18.2,98,843.0,17.4,0.425,27.33,88.61,0
2026-06-15 07:00:00,0.0,20.3,88,844.4,19.0,0.422,27.33,88.61,0
2026-06-15 08:00:00,0.0,22.0,72,845.4,20.1,0.418,27.33,88.61,0
2026-06-15 09:00:00,0.0,23.9,61,846.0,21.3,0.415,27.33,88.61,0
2026-06-15 10:00:00,0.0,25.5,55,846.0,22.3,0.412,27.33,88.61,0
2026-06-15 11:00:00,0.1,25.7,56,846.2,23.1,0.432,27.33,88.61,0
2026-06-15 12:00:00,0.4,24.6,63,845.4,23.4,0.427,27.33,88.61,0
2026-06-15 13:00:00,0.6,24.5,66,844.6,23.6,0.424,27.33,88.61,0
2026-06-15 14:00:00,0.3,25.3,62,844.4,23.8,0.421,27.33,88.61,0
2026-06-15 15:00:00,0.8,24.0,71,843.7,23.8,0.421,27.33,88.61,0
2026-06-15 16:00:00,0.6,23.0,75,843.3,23.4,0.42,27.33,88.61,0
2026-06-15 17:00:00,0.7,20.1,93,843.4,22.6,0.425,27.33,88.61,0
2026-06-15 18:00:00,1.2,19.7,95,844.1,21.5,0.429,27.33,88.61,0
2026-06-15 19:00:00,1.4,19.7,89,844.8,20.7,0.431,27.33,88.61,0
2026-06-15 20:00:00,0.1,18.9,93,845.1,19.9,0.427,27.33,88.61,0
2026-06-15 21:00:00,0.4,17.7,99,845.6,19.3,0.426,27.33,88.61,0
2026-06-15 22:00:00,1.0,17.6,98,845.8,18.9,0.428,27.33,88.61,0
2026-06-15 23:00:00,0.8,18.4,94,845.6,18.8,0.42,27.33,88.61,0
2026-06-16 00:00:00,1.1,18.3,92,844.9,18.4,0.425,27.33,88.61,0
2026-06-16 01:00:00,0.4,18.3,90,843.9,18.0,0.424,27.33,88.61,0
2026-06-16 02:00:00,0.1,17.7,91,843.5,17.4,0.422,27.33,88.61,0
2026-06-16 03:00:00,0.1,17.2,94,843.4,17.0,0.42,27.33,88.61,0
2026-06-16 04:00:00,0.2,17.0,94,843.4,16.6,0.419,27.33,88.61,0
2026-06-16 05:00:00,0.2,18.0,87,844.2,16.5,0.411,27.33,88.61,0
2026-06-16 06:00:00,0.0,18.6,99,844.7,17.9,0.41,27.33,88.61,0
2026-06-16 07:00:00,0.0,20.1,92,846.0,19.1,0.409,27.33,88.61,0
2026-06-16 08:00:00,0.0,22.0,78,847.1,20.3,0.408,27.33,88.61,0
2026-06-16 09:00:00,0.1,23.8,61,847.6,21.5,0.406,27.33,88.61,0
2026-06-16 10:00:00,0.2,25.4,58,847.6,22.6,0.405,27.33,88.61,0
2026-06-16 11:00:00,0.0,25.7,54,847.8,23.5,0.403,27.33,88.61,0
2026-06-16 12:00:00,0.7,25.9,52,847.1,24.0,0.404,27.33,88.61,0
2026-06-16 13:00:00,1.1,23.2,73,845.6,23.9,0.407,27.33,88.61,0
2026-06-16 14:00:00,1.6,24.8,67,846.0,24.1,0.411,27.33,88.61,0
2026-06-16 15:00:00,0.6,23.6,73,844.8,23.9,0.412,27.33,88.61,0
2026-06-16 16:00:00,0.7,22.4,80,844.3,23.7,0.413,27.33,88.61,0
2026-06-16 17:00:00,2.3,21.4,92,844.2,23.6,0.412,27.33,88.61,0
2026-06-16 18:00:00,0.7,20.0,93,844.3,22.4,0.414,27.33,88.61,0
2026-06-16 19:00:00,0.7,19.5,93,845.2,20.9,0.417,27.33,88.61,0
2026-06-16 20:00:00,1.3,18.8,96,845.7,20.1,0.424,27.33,88.61,0
2026-06-16 21:00:00,0.7,18.1,95,846.1,19.3,0.425,27.33,88.61,0
2026-06-16 22:00:00,1.0,17.8,95,846.4,18.7,0.427,27.33,88.61,0
2026-06-16 23:00:00,1.3,18.1,97,846.2,18.5,0.425,27.33,88.61,0
2026-06-17 00:00:00,0.9,17.5,96,845.1,18.2,0.427,27.33,88.61,0
2026-06-17 01:00:00,0.1,17.7,92,843.8,17.7,0.424,27.33,88.61,0
2026-06-17 02:00:00,0.0,17.4,92,843.4,17.2,0.421,27.33,88.61,0
2026-06-17 03:00:00,0.0,17.1,92,843.6,16.6,0.419,27.33,88.61,0
2026-06-17 04:00:00,0.0,16.8,88,843.7,16.3,0.417,27.33,88.61,0
2026-06-17 05:00:00,0.0,17.9,87,845.0,16.9,0.42,27.33,88.61,0
2026-06-17 06:00:00,0.0,18.7,99,845.1,18.1,0.417,27.33,88.61,0
2026-06-17 07:00:00,0.0,20.1,92,846.3,19.2,0.416,27.33,88.61,0
2026-06-17 08:00:00,0.0,22.1,77,847.1,20.4,0.413,27.33,88.61,0
2026-06-17 09:00:00,0.0,24.3,63,847.8,21.7,0.411,27.33,88.61,0
2026-06-17 10:00:00,0.0,25.8,56,847.8,22.9,0.408,27.33,88.61,0
2026-06-17 11:00:00,0.5,26.8,47,847.8,23.9,0.407,27.33,88.61,0
2026-06-17 12:00:00,1.3,24.8,62,846.3,24.4,0.41,27.33,88.61,0
2026-06-17 13:00:00,0.9,24.1,69,845.4,24.4,0.411,27.33,88.61,0
2026-06-17 14:00:00,2.8,22.0,85,844.5,24.0,0.423,27.33,88.61,0
2026-06-17 15:00:00,1.7,24.7,70,845.3,24.0,0.427,27.33,88.61,0
2026-06-17 16:00:00,0.3,22.0,83,843.6,23.4,0.424,27.33,88.61,0
2026-06-17 17:00:00,0.8,21.2,90,843.6,23.4,0.414,27.33,88.61,0
2026-06-17 18:00:00,0.3,19.4,98,843.9,22.2,0.413,27.33,88.61,0
2026-06-17 19:00:00,0.5,19.5,92,844.6,21.2,0.414,27.33,88.61,0
2026-06-17 20:00:00,0.1,18.8,95,844.7,20.2,0.413,27.33,88.61,0
2026-06-17 21:00:00,0.2,18.3,94,845.5,19.5,0.412,27.33,88.61,0
2026-06-17 22:00:00,0.2,17.9,98,845.3,19.1,0.412,27.33,88.61,0
2026-06-17 23:00:00,0.1,18.7,94,844.8,18.9,0.415,27.33,88.61,0
2026-06-18 00:00:00,0.0,17.8,96,844.1,18.4,0.413,27.33,88.61,0
2026-06-18 01:00:00,0.0,17.5,93,843.6,18.0,0.412,27.33,88.61,0
2026-06-18 02:00:00,0.0,17.2,93,843.4,17.6,0.411,27.33,88.61,0
2026-06-18 03:00:00,0.0,17.0,95,843.4,17.3,0.409,27.33,88.61,0
2026-06-18 04:00:00,0.0,16.8,94,843.4,17.0,0.408,27.33,88.61,0
2026-06-18 05:00:00,0.0,18.0,88,844.5,17.4,0.408,27.33,88.61,0
2026-06-18 06:00:00,0.0,18.6,94,844.7,18.3,0.407,27.33,88.61,0
2026-06-18 07:00:00,0.0,19.7,93,845.8,19.5,0.406,27.33,88.61,0
2026-06-18 08:00:00,0.2,21.2,86,846.4,20.4,0.406,27.33,88.61,0
2026-06-18 09:00:00,0.3,22.9,75,846.7,21.4,0.405,27.33,88.61,0
2026-06-18 10:00:00,0.1,24.4,66,846.9,22.3,0.403,27.33,88.61,0
2026-06-18 11:00:00,0.0,24.2,60,847.0,22.9,0.407,27.33,88.61,0
2026-06-18 12:00:00,0.1,24.5,62,846.2,23.3,0.405,27.33,88.61,0
2026-06-18 13:00:00,0.2,24.6,65,844.8,23.7,0.404,27.33,88.61,0
2026-06-18 14:00:00,1.8,22.2,89,843.7,23.5,0.41,27.33,88.61,0
2026-06-18 15:00:00,3.9,21.4,95,843.2,22.9,0.431,27.33,88.61,0
2026-06-18 16:00:00,5.1,20.1,97,843.0,22.1,0.437,27.33,88.61,0
2026-06-18 17:00:00,0.8,19.9,96,843.3,22.4,0.393,27.33,88.61,0
2026-06-18 18:00:00,0.7,19.5,98,844.0,21.4,0.398,27.33,88.61,0
2026-06-18 19:00:00,0.2,19.7,93,844.2,20.7,0.398,27.33,88.61,0
2026-06-18 20:00:00,0.1,19.3,92,844.7,20.0,0.398,27.33,88.61,0
2026-06-18 21:00:00,0.1,19.3,94,845.4,19.8,0.399,27.33,88.61,0
2026-06-18 22:00:00,0.1,19.2,95,845.3,19.5,0.399,27.33,88.61,0
2026-06-18 23:00:00,0.2,19.0,96,844.2,19.4,0.396,27.33,88.61,0
2026-06-19 00:00:00,2.7,18.5,92,844.0,19.1,0.417,27.33,88.61,0
2026-06-19 01:00:00,10.0,19.3,85,843.0,19.0,0.439,27.33,88.61,0
2026-06-19 02:00:00,10.2,18.1,96,842.9,18.9,0.439,27.33,88.61,0
2026-06-19 03:00:00,6.8,18.1,98,843.5,18.9,0.436,27.33,88.61,0
2026-06-19 04:00:00,4.8,18.4,98,843.7,18.8,0.439,27.33,88.61,0
2026-06-19 05:00:00,3.9,18.8,95,843.5,18.6,0.434,27.33,88.61,0
2026-06-19 06:00:00,0.2,18.7,98,843.8,18.8,0.425,27.33,88.61,0
2026-06-19 07:00:00,0.0,19.2,97,844.3,19.3,0.422,27.33,88.61,0
2026-06-19 08:00:00,0.0,20.2,93,844.9,19.9,0.419,27.33,88.61,0
2026-06-19 09:00:00,0.2,20.6,93,845.5,20.4,0.418,27.33,88.61,0
2026-06-19 10:00:00,0.2,22.0,85,845.8,21.1,0.417,27.33,88.61,0
2026-06-19 11:00:00,0.1,20.8,92,845.2,21.9,0.414,27.33,88.61,0
2026-06-19 12:00:00,0.3,22.4,82,845.3,22.0,0.414,27.33,88.61,0
2026-06-19 13:00:00,0.1,22.7,71,845.0,22.4,0.412,27.33,88.61,0
2026-06-19 14:00:00,1.9,20.1,96,844.4,21.9,0.418,27.33,88.61,0
2026-06-19 15:00:00,1.2,20.0,97,843.5,21.3,0.421,27.33,88.61,0
2026-06-19 16:00:00,0.8,20.1,95,843.2,21.0,0.422,27.33,88.61,0
2026-06-19 17:00:00,0.8,19.9,97,843.7,21.1,0.417,27.33,88.61,0
2026-06-19 18:00:00,1.2,19.4,96,844.0,20.5,0.422,27.33,88.61,0
2026-06-19 19:00:00,0.7,19.5,95,844.7,20.2,0.424,27.33,88.61,0
2026-06-19 20:00:00,0.6,19.0,96,845.1,19.8,0.425,27.33,88.61,0
2026-06-19 21:00:00,0.9,18.7,96,845.4,19.4,0.427,27.33,88.61,0
2026-06-19 22:00:00,1.8,18.6,96,845.3,19.1,0.434,27.33,88.61,0
2026-06-19 23:00:00,2.3,18.8,94,845.1,18.9,0.432,27.33,88.61,0
2026-06-20 00:00:00,3.9,18.2,98,844.6,18.8,0.439,27.33,88.61,0
2026-06-20 01:00:00,5.2,18.2,96,843.9,18.7,0.436,27.33,88.61,0
2026-06-20 02:00:00,5.7,18.4,94,843.8,18.5,0.43,27.33,88.61,0
2026-06-20 03:00:00,2.6,18.4,94,843.5,18.4,0.435,27.33,88.61,0
2026-06-20 04:00:00,0.3,18.3,95,843.4,18.3,0.429,27.33,88.61,0
2026-06-20 05:00:00,0.1,19.1,95,844.4,18.4,0.432,27.33,88.61,0
2026-06-20 06:00:00,1.1,19.5,98,844.4,19.0,0.431,27.33,88.61,0
2026-06-20 07:00:00,0.3,20.1,95,845.0,19.7,0.427,27.33,88.61,0
2026-06-20 08:00:00,0.4,21.4,91,845.6,20.4,0.424,27.33,88.61,0
2026-06-20 09:00:00,0.7,21.3,84,845.5,21.0,0.423,27.33,88.61,0
2026-06-20 10:00:00,2.2,21.5,93,845.2,21.5,0.428,27.33,88.61,0
2026-06-20 11:00:00,3.6,20.0,94,845.3,21.9,0.429,27.33,88.61,0
2026-06-20 12:00:00,1.0,22.3,91,845.6,22.1,0.428,27.33,88.61,0
2026-06-20 13:00:00,4.2,20.8,94,843.9,22.0,0.439,27.33,88.61,0
2026-06-20 14:00:00,4.3,20.3,96,843.8,21.6,0.434,27.33,88.61,0
2026-06-20 15:00:00,2.2,20.8,98,843.2,21.5,0.435,27.33,88.61,0
2026-06-20 16:00:00,1.9,20.6,100,842.9,21.4,0.436,27.33,88.61,0
2026-06-20 17:00:00,1.8,20.2,97,843.2,21.5,0.434,27.33,88.61,0
2026-06-20 18:00:00,1.3,19.2,97,843.0,20.8,0.434,27.33,88.61,0
2026-06-20 19:00:00,2.4,18.7,98,843.7,19.9,0.438,27.33,88.61,0
2026-06-20 20:00:00,2.4,18.9,94,844.8,19.5,0.438,27.33,88.61,0
2026-06-20 21:00:00,2.9,18.9,95,845.3,19.4,0.438,27.33,88.61,0
2026-06-20 22:00:00,3.5,18.9,95,845.5,19.2,0.434,27.33,88.61,0
2026-06-20 23:00:00,2.0,19.3,95,844.2,19.3,0.435,27.33,88.61,0
2026-06-21 00:00:00,1.3,18.8,96,843.1,19.1,0.433,27.33,88.61,0
2026-06-21 01:00:00,2.3,18.8,96,842.5,19.1,0.437,27.33,88.61,0
2026-06-21 02:00:00,2.6,18.9,95,842.3,19.0,0.437,27.33,88.61,0
2026-06-21 03:00:00,2.4,19.1,90,842.5,18.9,0.437,27.33,88.61,0
2026-06-21 04:00:00,1.9,18.9,91,842.6,18.8,0.436,27.33,88.61,0
2026-06-21 05:00:00,2.1,19.5,94,843.5,19.0,0.433,27.33,88.61,0
2026-06-21 06:00:00,5.5,19.0,98,843.3,19.3,0.43,27.33,88.61,0
2026-06-21 07:00:00,1.3,19.6,98,843.8,19.6,0.429,27.33,88.61,0
2026-06-21 08:00:00,3.5,19.8,98,843.8,20.0,0.438,27.33,88.61,0
2026-06-21 09:00:00,3.5,19.6,98,844.2,20.1,0.43,27.33,88.61,0
2026-06-21 10:00:00,1.5,20.0,98,844.1,20.3,0.429,27.33,88.61,0
2026-06-21 11:00:00,0.8,22.0,83,844.8,20.9,0.426,27.33,88.61,0
2026-06-21 12:00:00,0.2,21.7,84,844.1,21.2,0.423,27.33,88.61,0
2026-06-21 13:00:00,0.1,22.2,81,843.3,21.7,0.42,27.33,88.61,0
2026-06-21 14:00:00,0.2,23.2,76,843.4,22.2,0.417,27.33,88.61,0
2026-06-21 15:00:00,0.5,21.2,88,842.4,22.0,0.417,27.33,88.61,0
2026-06-21 16:00:00,0.4,20.9,88,842.3,21.8,0.416,27.33,88.61,0
2026-06-21 17:00:00,2.0,20.0,97,842.2,21.0,0.425,27.33,88.61,0
2026-06-21 18:00:00,1.1,19.4,98,842.8,20.5,0.426,27.33,88.61,0
2026-06-21 19:00:00,2.8,19.4,95,843.8,20.2,0.435,27.33,88.61,0
2026-06-21 20:00:00,3.0,19.2,95,844.6,19.9,0.438,27.33,88.61,0
2026-06-21 21:00:00,4.2,19.0,92,845.0,19.5,0.428,27.33,88.61,0
2026-06-21 22:00:00,7.3,18.7,96,844.8,19.4,0.432,27.33,88.61,0
2026-06-21 23:00:00,9.9,18.9,98,844.2,19.4,0.427,27.33,88.61,0
2026-06-22 00:00:00,10.9,18.4,98,843.5,19.3,0.434,27.33,88.61,0
2026-06-22 01:00:00,4.5,18.3,98,843.0,19.1,0.437,27.33,88.61,0
2026-06-22 02:00:00,1.2,18.5,97,842.7,19.1,0.433,27.33,88.61,0
2026-06-22 03:00:00,1.0,18.6,95,842.7,19.0,0.431,27.33,88.61,0
2026-06-22 04:00:00,1.0,18.4,96,842.8,18.9,0.431,27.33,88.61,0
2026-06-22 05:00:00,1.2,18.9,96,843.8,19.0,0.436,27.33,88.61,0
2026-06-22 06:00:00,0.4,19.0,98,844.0,19.2,0.431,27.33,88.61,0
2026-06-22 07:00:00,0.2,19.4,99,844.6,19.6,0.427,27.33,88.61,0
2026-06-22 08:00:00,0.2,22.6,80,845.6,20.6,0.424,27.33,88.61,0
2026-06-22 09:00:00,0.2,22.0,79,845.2,21.3,0.421,27.33,88.61,0
2026-06-22 10:00:00,1.0,21.8,82,845.2,21.7,0.422,27.33,88.61,0
2026-06-22 11:00:00,4.3,20.9,90,844.9,21.8,0.43,27.33,88.61,0
2026-06-22 12:00:00,2.5,19.8,94,843.7,21.5,0.435,27.33,88.61,0
2026-06-22 13:00:00,5.1,20.0,91,842.9,21.2,0.439,27.33,88.61,0
2026-06-22 14:00:00,3.3,20.4,93,842.5,21.2,0.437,27.33,88.61,0
2026-06-22 15:00:00,1.2,20.5,96,842.0,21.2,0.432,27.33,88.61,0
2026-06-22 16:00:00,2.3,20.8,93,842.3,21.1,0.437,27.33,88.61,0
2026-06-22 17:00:00,2.6,19.3,98,842.3,21.3,0.429,27.33,88.61,0
2026-06-22 18:00:00,2.1,19.2,95,842.9,20.6,0.434,27.33,88.61,0
2026-06-22 19:00:00,1.0,19.1,94,843.3,20.0,0.433,27.33,88.61,0
2026-06-22 20:00:00,0.6,18.8,95,843.7,19.5,0.43,27.33,88.61,0
2026-06-22 21:00:00,1.2,18.5,97,844.0,19.1,0.432,27.33,88.61,0
2026-06-22 22:00:00,1.3,18.3,98,843.4,18.8,0.433,27.33,88.61,0
2026-06-22 23:00:00,1.3,19.1,90,843.0,18.7,0.428,27.33,88.61,0
2026-06-23 00:00:00,0.4,18.4,93,841.7,18.3,0.427,27.33,88.61,0
2026-06-23 01:00:00,0.8,18.0,95,841.3,18.0,0.428,27.33,88.61,0
2026-06-23 02:00:00,1.3,17.8,95,840.8,17.8,0.431,27.33,88.61,0
2026-06-23 03:00:00,0.9,17.3,97,840.3,17.3,0.43,27.33,88.61,0
2026-06-23 04:00:00,0.8,17.4,97,840.2,17.1,0.43,27.33,88.61,0
2026-06-23 05:00:00,0.6,18.8,93,841.4,17.5,0.428,27.33,88.61,0
2026-06-23 06:00:00,0.8,18.9,99,841.7,18.5,0.429,27.33,88.61,0
2026-06-23 07:00:00,1.0,19.2,98,842.0,19.2,0.429,27.33,88.61,0
2026-06-23 08:00:00,0.9,19.9,95,842.5,19.8,0.428,27.33,88.61,0
2026-06-23 09:00:00,0.4,22.9,78,843.8,20.9,0.426,27.33,88.61,0
2026-06-23 10:00:00,0.5,22.5,77,843.1,21.8,0.424,27.33,88.61,0
2026-06-23 11:00:00,0.6,22.3,79,843.2,22.4,0.428,27.33,88.61,0
2026-06-23 12:00:00,4.6,21.1,93,842.3,22.3,0.435,27.33,88.61,0
2026-06-23 13:00:00,3.3,21.1,91,841.5,22.0,0.435,27.33,88.61,0
2026-06-23 14:00:00,2.9,21.5,92,841.1,22.1,0.437,27.33,88.61,0
2026-06-23 15:00:00,5.9,20.5,92,840.2,21.9,0.439,27.33,88.61,0
2026-06-23 16:00:00,5.5,20.2,93,839.9,21.6,0.438,27.33,88.61,0
2026-06-23 17:00:00,3.4,20.6,94,840.7,21.6,0.416,27.33,88.61,0
2026-06-23 18:00:00,0.1,19.1,95,840.9,20.9,0.415,27.33,88.61,0
2026-06-23 19:00:00,0.9,18.5,95,841.9,20.1,0.417,27.33,88.61,0
2026-06-23 20:00:00,1.6,18.4,96,843.2,19.6,0.425,27.33,88.61,0
2026-06-23 21:00:00,0.9,18.5,95,843.6,19.1,0.427,27.33,88.61,0
2026-06-23 22:00:00,0.7,18.3,94,843.2,18.6,0.427,27.33,88.61,0
2026-06-23 23:00:00,0.5,19.2,95,842.7,18.5,0.421,27.33,88.61,0
2026-06-24 00:00:00,0.3,18.0,98,841.9,18.1,0.421,27.33,88.61,0
2026-06-24 01:00:00,0.7,17.5,100,841.5,18.0,0.423,27.33,88.61,0
2026-06-24 02:00:00,1.0,17.6,99,841.2,18.0,0.427,27.33,88.61,0
2026-06-24 03:00:00,0.7,17.1,99,840.8,17.7,0.427,27.33,88.61,0
2026-06-24 04:00:00,0.6,16.7,100,841.4,17.2,0.426,27.33,88.61,0
2026-06-24 05:00:00,0.4,17.6,94,841.5,16.9,0.427,27.33,88.61,0
2026-06-24 06:00:00,0.0,18.4,98,842.1,17.9,0.424,27.33,88.61,0
2026-06-24 07:00:00,0.0,19.6,89,843.3,18.9,0.421,27.33,88.61,0
2026-06-24 08:00:00,0.0,21.3,79,843.8,20.2,0.418,27.33,88.61,0
2026-06-24 09:00:00,0.0,23.5,65,844.4,21.4,0.415,27.33,88.61,0
2026-06-24 10:00:00,0.2,24.8,59,844.6,22.3,0.413,27.33,88.61,0
2026-06-24 11:00:00,1.1,25.4,57,844.9,23.0,0.416,27.33,88.61,0
2026-06-24 12:00:00,0.2,25.2,60,844.0,23.4,0.413,27.33,88.61,0
2026-06-24 13:00:00,0.1,25.9,56,843.7,23.8,0.411,27.33,88.61,0
2026-06-24 14:00:00,0.1,25.8,55,843.3,24.1,0.409,27.33,88.61,0
2026-06-24 15:00:00,0.2,23.9,65,842.8,23.9,0.407,27.33,88.61,0
2026-06-24 16:00:00,0.1,23.3,68,842.6,23.4,0.406,27.33,88.61,0
2026-06-24 17:00:00,0.1,22.5,77,842.4,23.7,0.408,27.33,88.61,0
2026-06-24 18:00:00,0.0,20.1,90,842.2,22.6,0.407,27.33,88.61,0
2026-06-24 19:00:00,0.4,20.1,89,843.2,21.6,0.407,27.33,88.61,0
2026-06-24 20:00:00,0.0,19.4,92,843.8,20.9,0.406,27.33,88.61,0
2026-06-24 21:00:00,0.1,18.8,95,844.7,20.4,0.406,27.33,88.61,0
2026-06-24 22:00:00,0.5,18.6,95,844.6,19.7,0.407,27.33,88.61,0
2026-06-24 23:00:00,0.1,19.6,86,844.3,19.4,0.403,27.33,88.61,0
2026-06-25 00:00:00,0.0,18.7,87,843.1,18.6,0.402,27.33,88.61,0
2026-06-25 01:00:00,0.1,18.0,91,842.6,18.1,0.402,27.33,88.61,0
2026-06-25 02:00:00,0.2,17.8,92,842.3,17.6,0.402,27.33,88.61,0
2026-06-25 03:00:00,0.1,17.9,88,842.3,17.1,0.402,27.33,88.61,0
2026-06-25 04:00:00,0.0,17.3,89,842.5,16.5,0.401,27.33,88.61,0
2026-06-25 05:00:00,0.0,17.9,83,843.4,17.4,0.406,27.33,88.61,0
2026-06-25 06:00:00,0.0,19.2,89,844.8,18.4,0.405,27.33,88.61,0
2026-06-25 07:00:00,0.0,20.8,85,846.2,19.6,0.404,27.33,88.61,0
2026-06-25 08:00:00,0.1,22.4,76,846.5,20.7,0.403,27.33,88.61,0
2026-06-25 09:00:00,0.2,24.4,65,846.8,21.8,0.401,27.33,88.61,0
2026-06-25 10:00:00,0.1,25.5,61,846.7,22.9,0.399,27.33,88.61,0
2026-06-25 11:00:00,0.0,26.2,53,846.4,23.6,0.397,27.33,88.61,0
2026-06-25 12:00:00,0.0,26.8,52,846.1,24.4,0.394,27.33,88.61,0
2026-06-25 13:00:00,0.1,26.8,53,845.3,24.9,0.392,27.33,88.61,0
2026-06-25 14:00:00,0.5,25.4,62,844.6,25.0,0.393,27.33,88.61,0
2026-06-25 15:00:00,1.4,23.4,82,844.5,24.4,0.398,27.33,88.61,0
2026-06-25 16:00:00,0.5,21.9,88,844.0,23.7,0.399,27.33,88.61,0
2026-06-25 17:00:00,0.5,21.1,93,843.5,23.4,0.386,27.33,88.61,0
2026-06-25 18:00:00,0.5,20.2,96,844.1,22.4,0.388,27.33,88.61,0
2026-06-25 19:00:00,1.5,20.1,92,845.0,21.4,0.399,27.33,88.61,0
2026-06-25 20:00:00,0.8,20.0,91,845.8,20.9,0.404,27.33,88.61,0
2026-06-25 21:00:00,0.6,19.7,89,846.3,20.3,0.407,27.33,88.61,0
2026-06-25 22:00:00,0.2,19.5,90,846.2,19.8,0.407,27.33,88.61,0
2026-06-25 23:00:00,0.1,20.0,87,845.6,19.9,0.397,27.33,88.61,0
2026-06-26 00:00:00,0.2,19.5,87,844.7,19.4,0.398,27.33,88.61,0
2026-06-26 01:00:00,0.1,19.0,90,844.1,19.0,0.398,27.33,88.61,0
2026-06-26 02:00:00,0.3,18.6,91,844.0,18.5,0.399,27.33,88.61,0
2026-06-26 03:00:00,0.1,18.2,93,844.0,18.0,0.399,27.33,88.61,0
2026-06-26 04:00:00,0.0,18.1,94,844.2,17.6,0.398,27.33,88.61,0
2026-06-26 05:00:00,0.0,18.9,92,845.3,17.5,0.393,27.33,88.61,0
2026-06-26 06:00:00,0.4,19.2,98,845.8,18.5,0.396,27.33,88.61,0
2026-06-26 07:00:00,0.3,20.1,97,846.5,19.4,0.396,27.33,88.61,0
2026-06-26 08:00:00,0.1,21.5,92,847.3,20.3,0.396,27.33,88.61,0
2026-06-26 09:00:00,0.0,22.9,80,847.5,21.3,0.395,27.33,88.61,0
2026-06-26 10:00:00,0.0,24.4,66,847.6,22.1,0.393,27.33,88.61,0
2026-06-26 11:00:00,0.0,25.3,60,848.4,22.8,0.417,27.33,88.61,0
2026-06-26 12:00:00,0.0,25.8,58,847.5,23.4,0.412,27.33,88.61,0
2026-06-26 13:00:00,0.1,26.4,58,846.7,24.1,0.408,27.33,88.61,0
2026-06-26 14:00:00,0.2,25.8,62,845.9,24.3,0.406,27.33,88.61,0
2026-06-26 15:00:00,0.7,25.0,68,845.3,24.3,0.406,27.33,88.61,0
2026-06-26 16:00:00,0.6,22.6,84,844.3,23.9,0.406,27.33,88.61,0
2026-06-26 17:00:00,0.8,21.8,90,844.6,23.2,0.366,27.33,88.61,0
2026-06-26 18:00:00,0.1,20.4,96,844.3,22.2,0.367,27.33,88.61,0
2026-06-26 19:00:00,0.0,19.8,97,844.8,21.3,0.367,27.33,88.61,0
2026-06-26 20:00:00,0.1,19.1,100,845.3,20.5,0.368,27.33,88.61,0
2026-06-26 21:00:00,1.2,18.7,96,846.1,19.8,0.377,27.33,88.61,0
2026-06-26 22:00:00,0.6,18.5,93,845.8,19.3,0.382,27.33,88.61,0
2026-06-26 23:00:00,0.3,19.6,92,845.6,18.9,0.395,27.33,88.61,0
2026-06-27 00:00:00,0.5,19.2,89,844.6,18.5,0.397,27.33,88.61,0
2026-06-27 01:00:00,0.8,18.6,92,844.2,18.2,0.403,27.33,88.61,0
2026-06-27 02:00:00,0.7,18.5,92,843.7,18.0,0.407,27.33,88.61,0
2026-06-27 03:00:00,0.3,18.4,92,843.7,17.7,0.407,27.33,88.61,0
2026-06-27 04:00:00,0.3,18.3,92,843.7,17.5,0.407,27.33,88.61,0
2026-06-27 05:00:00,0.5,19.1,90,844.7,17.1,0.403,27.33,88.61,0
2026-06-27 06:00:00,0.5,19.3,97,845.4,18.1,0.405,27.33,88.61,0
2026-06-27 07:00:00,0.3,20.4,98,845.8,19.3,0.405,27.33,88.61,0
2026-06-27 08:00:00,0.0,22.3,87,846.5,20.5,0.403,27.33,88.61,0
2026-06-27 09:00:00,0.0,24.5,72,846.5,21.8,0.401,27.33,88.61,0
2026-06-27 10:00:00,0.0,26.2,61,846.5,23.0,0.398,27.33,88.61,0
2026-06-27 11:00:00,0.1,27.2,55,847.2,23.8,0.409,27.33,88.61,0
2026-06-27 12:00:00,0.2,26.9,56,846.0,24.4,0.406,27.33,88.61,0
2026-06-27 13:00:00,0.5,27.1,56,845.2,24.8,0.405,27.33,88.61,0
2026-06-27 14:00:00,2.6,22.7,89,843.4,24.4,0.416,27.33,88.61,0
2026-06-27 15:00:00,1.8,22.5,92,843.0,23.9,0.42,27.33,88.61,0
2026-06-27 16:00:00,0.9,21.9,95,842.6,23.2,0.419,27.33,88.61,0
2026-06-27 17:00:00,1.6,21.7,93,842.8,23.1,0.415,27.33,88.61,0
2026-06-27 18:00:00,1.4,20.2,94,842.9,22.0,0.421,27.33,88.61,0
2026-06-27 19:00:00,1.0,20.2,90,843.3,20.8,0.425,27.33,88.61,0
2026-06-27 20:00:00,1.8,20.2,90,843.9,20.3,0.431,27.33,88.61,0
2026-06-27 21:00:00,2.2,19.9,91,844.5,19.9,0.436,27.33,88.61,0
2026-06-27 22:00:00,3.2,19.6,93,844.3,19.6,0.438,27.33,88.61,0
2026-06-27 23:00:00,7.8,20.3,93,843.3,19.8,0.434,27.33,88.61,0
2026-06-28 00:00:00,12.1,19.7,95,842.4,19.7,0.439,27.33,88.61,0
2026-06-28 01:00:00,24.3,19.4,97,841.7,19.8,0.439,27.33,88.61,0
2026-06-28 02:00:00,10.4,19.4,98,842.2,19.8,0.439,27.33,88.61,0
2026-06-28 03:00:00,4.4,19.2,92,841.7,19.6,0.435,27.33,88.61,0
2026-06-28 04:00:00,9.7,19.7,86,842.0,19.3,0.439,27.33,88.61,0
2026-06-28 05:00:00,10.3,19.8,94,843.5,19.1,0.426,27.33,88.61,0
2026-06-28 06:00:00,0.8,19.5,98,843.5,19.4,0.427,27.33,88.61,0
2026-06-28 07:00:00,2.2,20.0,98,844.1,19.8,0.436,27.33,88.61,0
2026-06-28 08:00:00,2.7,20.2,100,844.8,20.3,0.438,27.33,88.61,0
2026-06-28 09:00:00,0.9,20.5,96,845.0,20.7,0.433,27.33,88.61,0
2026-06-28 10:00:00,0.2,21.0,90,845.0,21.1,0.428,27.33,88.61,0
2026-06-28 11:00:00,0.3,22.2,84,844.8,21.7,0.425,27.33,88.61,0
2026-06-28 12:00:00,0.3,22.8,83,843.9,22.3,0.422,27.33,88.61,0
2026-06-28 13:00:00,0.3,23.4,81,842.7,22.6,0.42,27.33,88.61,0
2026-06-28 14:00:00,1.2,22.7,85,841.6,22.9,0.421,27.33,88.61,0
2026-06-28 15:00:00,0.5,22.5,86,840.9,23.0,0.42,27.33,88.61,0
2026-06-28 16:00:00,3.6,21.5,96,840.4,22.5,0.437,27.33,88.61,0
2026-06-28 17:00:00,1.5,21.1,97,840.7,22.1,0.435,27.33,88.61,0
2026-06-28 18:00:00,1.0,20.6,94,841.5,21.4,0.434,27.33,88.61,0
2026-06-28 19:00:00,1.3,20.1,90,842.0,20.6,0.435,27.33,88.61,0
2026-06-28 20:00:00,3.3,19.6,92,842.4,19.9,0.439,27.33,88.61,0
2026-06-28 21:00:00,8.9,19.8,93,842.5,19.7,0.439,27.33,88.61,0
2026-06-28 22:00:00,12.4,19.6,94,842.6,19.5,0.438,27.33,88.61,0
2026-06-28 23:00:00,6.8,19.1,96,842.8,19.6,0.442,27.33,88.61,0
2026-06-29 00:00:00,2.0,18.9,94,842.2,19.4,0.438,27.33,88.61,0
2026-06-29 01:00:00,4.9,19.0,94,841.8,19.2,0.435,27.33,88.61,0
2026-06-29 02:00:00,7.7,19.0,95,841.6,19.2,0.439,27.33,88.61,0
2026-06-29 03:00:00,14.2,18.8,96,841.7,19.2,0.439,27.33,88.61,0
2026-06-29 04:00:00,5.8,18.8,96,841.7,19.1,0.439,27.33,88.61,0
2026-06-29 05:00:00,4.7,18.9,100,841.8,19.3,0.434,27.33,88.61,0
2026-06-29 06:00:00,1.6,19.3,99,842.5,19.6,0.43,27.33,88.61,0
2026-06-29 07:00:00,1.1,19.9,98,843.1,19.9,0.429,27.33,88.61,0
2026-06-29 08:00:00,0.5,20.2,98,843.0,20.1,0.427,27.33,88.61,0
2026-06-29 09:00:00,0.4,20.4,97,843.4,20.5,0.424,27.33,88.61,0
2026-06-29 10:00:00,0.4,21.6,91,843.6,21.0,0.422,27.33,88.61,0
2026-06-29 11:00:00,0.1,21.3,89,844.1,22.2,0.418,27.33,88.61,0
2026-06-29 12:00:00,0.2,22.6,81,843.7,22.4,0.417,27.33,88.61,0
2026-06-29 13:00:00,0.1,23.0,75,843.2,22.6,0.415,27.33,88.61,0
2026-06-29 14:00:00,0.1,22.2,81,842.7,22.5,0.413,27.33,88.61,0
2026-06-29 15:00:00,0.1,21.7,84,842.2,22.4,0.411,27.33,88.61,0
2026-06-29 16:00:00,0.2,21.0,90,841.3,22.1,0.41,27.33,88.61,0
2026-06-29 17:00:00,0.2,20.0,99,841.6,21.9,0.416,27.33,88.61,0
2026-06-29 18:00:00,0.1,19.6,99,841.7,21.2,0.414,27.33,88.61,0
2026-06-29 19:00:00,0.0,19.3,99,842.5,20.6,0.413,27.33,88.61,0
2026-06-29 20:00:00,0.0,19.4,100,843.7,20.3,0.411,27.33,88.61,0
2026-06-29 21:00:00,0.1,19.3,99,844.1,20.1,0.41,27.33,88.61,0
2026-06-29 22:00:00,0.1,19.0,100,844.4,20.0,0.409,27.33,88.61,0
2026-06-29 23:00:00,0.1,18.7,100,843.6,19.9,0.409,27.33,88.61,0
2026-06-30 00:00:00,1.0,18.7,99,843.1,19.7,0.415,27.33,88.61,0
2026-06-30 01:00:00,0.8,18.6,99,842.6,19.6,0.418,27.33,88.61,0
2026-06-30 02:00:00,1.0,18.8,96,842.5,19.5,0.422,27.33,88.61,0
2026-06-30 03:00:00,1.3,18.9,95,842.4,19.4,0.426,27.33,88.61,0
2026-06-30 04:00:00,0.7,18.9,92,842.4,19.2,0.425,27.33,88.61,0
2026-06-30 05:00:00,0.7,19.8,97,842.9,19.2,0.421,27.33,88.61,0
2026-06-30 06:00:00,0.0,19.3,99,843.1,19.4,0.419,27.33,88.61,0
2026-06-30 07:00:00,0.0,19.5,98,843.5,19.7,0.417,27.33,88.61,0
2026-06-30 08:00:00,0.0,20.3,94,844.1,20.2,0.415,27.33,88.61,0
2026-06-30 09:00:00,0.1,20.9,88,844.7,20.7,0.413,27.33,88.61,0
2026-06-30 10:00:00,0.1,22.4,78,845.1,21.3,0.411,27.33,88.61,0
2026-06-30 11:00:00,0.3,21.7,82,844.8,21.6,0.412,27.33,88.61,0
2026-06-30 12:00:00,0.0,22.5,76,844.6,22.0,0.41,27.33,88.61,0
2026-06-30 13:00:00,0.4,23.2,74,844.1,22.5,0.409,27.33,88.61,0
2026-06-30 14:00:00,0.2,23.2,75,843.5,22.8,0.408,27.33,88.61,0
2026-06-30 15:00:00,0.1,22.4,80,842.7,22.7,0.406,27.33,88.61,0
2026-06-30 16:00:00,0.3,21.7,85,842.4,22.6,0.406,27.33,88.61,0
2026-06-30 17:00:00,0.1,21.5,92,842.2,21.8,0.41,27.33,88.61,0
2026-06-30 18:00:00,0.0,19.9,98,842.3,21.3,0.409,27.33,88.61,0
2026-06-30 19:00:00,0.0,20.1,97,843.5,20.8,0.408,27.33,88.61,0
2026-06-30 20:00:00,0.0,20.0,97,844.1,20.6,0.407,27.33,88.61,0
2026-06-30 21:00:00,0.0,19.6,98,844.6,20.3,0.406,27.33,88.61,0
2026-06-30 22:00:00,0.7,19.4,98,844.9,20.1,0.407,27.33,88.61,0
2026-06-30 23:00:00,1.8,19.6,100,844.5,20.1,0.418,27.33,88.61,0
