timestamp,precipitation,temperature_2m,relative_humidity_2m,surface_pressure,wind_speed_10m,rain_1h,rain_3h,rain_6h,rain_12h,rain_24h,rain_48h,rain_72h,high_intensity_1h,high_accumulation_24h,high_accumulation_72h
2026-09-08 00:00:00,0.1,18.4,91,846.4,0.4,0.1,0.1,0.1,0.1,0.1,0.1,0.1,0,0,0
2026-09-08 01:00:00,0.1,18.2,92,845.9,0.6,0.1,0.2,0.2,0.2,0.2,0.2,0.2,0,0,0
2026-09-08 02:00:00,0.2,18.2,92,845.6,0.6,0.2,0.4,0.4,0.4,0.4,0.4,0.4,0,0,0
2026-09-08 03:00:00,0.3,18.2,92,845.3,0.5,0.3,0.6000000000000001,0.7,0.7,0.7,0.7,0.7,0,0,0
2026-09-08 04:00:00,0.3,18.0,92,845.1,0.9,0.3,0.7999999999999999,1.0,1.0,1.0,1.0,1.0,0,0,0
2026-09-08 05:00:00,0.2,18.1,93,846.4,0.8,0.2,0.8,1.2,1.2,1.2,1.2,1.2,0,0,0
2026-09-08 06:00:00,0.1,18.4,98,846.5,1.5,0.1,0.6,1.2,1.3,1.3,1.3,1.3,0,0,0
2026-09-08 07:00:00,0.0,19.7,94,847.7,2.3,0.0,0.30000000000000004,1.1,1.3,1.3,1.3,1.3,0,0,0
2026-09-08 08:00:00,0.0,21.4,85,848.3,3.4,0.0,0.1,0.9,1.3,1.3,1.3,1.3,0,0,0
2026-09-08 09:00:00,0.0,22.7,76,848.9,5.5,0.0,0.0,0.6000000000000001,1.3,1.3,1.3,1.3,0,0,0
2026-09-08 10:00:00,0.0,23.8,68,849.0,3.7,0.0,0.0,0.30000000000000004,1.3,1.3,1.3,1.3,0,0,0
2026-09-08 11:00:00,0.0,25.0,63,848.9,4.9,0.0,0.0,0.1,1.3,1.3,1.3,1.3,0,0,0
2026-09-08 12:00:00,0.1,24.4,65,847.7,6.4,0.1,0.1,0.1,1.2999999999999998,1.4,1.4,1.4,0,0,0
2026-09-08 13:00:00,0.5,24.5,67,846.5,4.2,0.5,0.6,0.6,1.7000000000000002,1.9,1.9,1.9,0,0,0
2026-09-08 14:00:00,0.4,23.1,76,845.6,5.8,0.4,1.0,1.0,1.9,2.3,2.3,2.3,0,0,0
2026-09-08 15:00:00,0.4,21.0,87,845.0,1.9,0.4,1.3,1.4,2.0,2.7,2.7,2.7,0,0,0
2026-09-08 16:00:00,0.7,20.5,91,844.5,0.7,0.7,1.5,2.1,2.4,3.4,3.4,3.4,0,0,0
2026-09-08 17:00:00,0.2,20.0,95,844.9,0.4,0.2,1.3,2.3,2.4,3.6,3.6,3.6,0,0,0
2026-09-08 18:00:00,0.2,18.9,98,845.1,0.3,0.2,1.1,2.4,2.5,3.8,3.8,3.8,0,0,0
2026-09-08 19:00:00,0.2,18.2,99,846.0,1.9,0.2,0.6000000000000001,2.1,2.7,4.0,4.0,4.0,0,0,0
2026-09-08 20:00:00,0.3,18.9,95,847.1,0.7,0.3,0.7,2.0,3.0,4.3,4.3,4.3,0,0,0
2026-09-08 21:00:00,0.3,18.2,98,847.2,0.2,0.3,0.8,1.9000000000000001,3.3000000000000003,4.6,4.6,4.6,0,0,0
2026-09-08 22:00:00,0.4,18.2,98,847.1,0.2,0.4,1.0,1.6,3.7,5.0,5.0,5.0,0,0,0
2026-09-08 23:00:00,0.3,19.3,89,846.9,1.5,0.3,1.0,1.7,4.0,5.3,5.3,5.3,0,0,0
2026-09-09 00:00:00,0.1,18.6,90,846.0,0.7,0.1,0.7999999999999999,1.6,4.0,5.300000000000001,5.4,5.4,0,0,0
2026-09-09 01:00:00,0.0,18.4,91,845.4,0.7,0.0,0.4,1.4000000000000001,3.5,5.2,5.4,5.4,0,0,0
2026-09-09 02:00:00,0.0,18.4,91,844.9,0.9,0.0,0.1,1.1,3.0999999999999996,5.0,5.4,5.4,0,0,0
2026-09-09 03:00:00,0.0,18.3,91,845.0,0.6,0.0,0.0,0.7999999999999999,2.6999999999999997,4.7,5.4,5.4,0,0,0
2026-09-09 04:00:00,0.0,18.5,90,844.9,0.3,0.0,0.0,0.4,2.0,4.4,5.4,5.4,0,0,0
2026-09-09 05:00:00,0.0,18.1,98,845.2,1.0,0.0,0.0,0.1,1.8,4.2,5.4,5.4,0,0,0
2026-09-09 06:00:00,0.0,18.9,99,846.3,0.9,0.0,0.0,0.0,1.6,4.1000000000000005,5.4,5.4,0,0,0
2026-09-09 07:00:00,0.0,20.1,97,847.5,1.9,0.0,0.0,0.0,1.4000000000000001,4.1000000000000005,5.4,5.4,0,0,0
2026-09-09 08:00:00,0.0,21.0,89,848.3,4.0,0.0,0.0,0.0,1.1,4.1000000000000005,5.4,5.4,0,0,0
2026-09-09 09:00:00,0.0,22.4,78,849.1,4.4,0.0,0.0,0.0,0.7999999999999999,4.1000000000000005,5.4,5.4,0,0,0
2026-09-09 10:00:00,0.0,23.1,70,849.1,4.6,0.0,0.0,0.0,0.4,4.1000000000000005,5.4,5.4,0,0,0
2026-09-09 11:00:00,0.2,22.9,65,849.3,4.7,0.2,0.2,0.2,0.30000000000000004,4.3,5.6,5.6,0,0,0
2026-09-09 12:00:00,0.4,23.0,66,848.2,3.6,0.4,0.6000000000000001,0.6000000000000001,0.6000000000000001,4.6,6.0,6.0,0,0,0
2026-09-09 13:00:00,0.2,23.2,66,847.1,1.8,0.2,0.8,0.8,0.8,4.3,6.2,6.2,0,0,0
2026-09-09 14:00:00,0.1,22.5,71,846.2,1.9,0.1,0.7000000000000001,0.9,0.9000000000000001,4.0,6.3,6.3,0,0,0
2026-09-09 15:00:00,0.1,22.5,71,846.1,1.8,0.1,0.4,1.0,1.0,3.7,6.4,6.4,0,0,0
2026-09-09 16:00:00,0.1,21.5,77,845.8,2.0,0.1,0.30000000000000004,1.1,1.1,3.1,6.5,6.5,0,0,0
2026-09-09 17:00:00,0.1,20.8,87,846.4,1.9,0.1,0.30000000000000004,1.0,1.2000000000000002,3.0,6.6000000000000005,6.6000000000000005,0,0,0
2026-09-09 18:00:00,0.0,20.1,87,846.8,0.3,0.0,0.2,0.6,1.2000000000000002,2.8,6.6000000000000005,6.6000000000000005,0,0,0
2026-09-09 19:00:00,0.0,19.8,88,847.4,0.4,0.0,0.1,0.4,1.2000000000000002,2.6,6.6000000000000005,6.6000000000000005,0,0,0
2026-09-09 20:00:00,0.0,19.3,90,848.0,0.3,0.0,0.0,0.30000000000000004,1.2000000000000002,2.3,6.6000000000000005,6.6000000000000005,0,0,0
2026-09-09 21:00:00,0.4,19.0,90,848.3,0.3,0.4,0.4,0.6000000000000001,1.6,2.4,7.0,7.0,0,0,0
2026-09-09 22:00:00,2.1,18.7,90,848.3,0.8,2.1,2.5,2.6,3.7,4.1,9.1,9.1,0,0,0
2026-09-09 23:00:00,1.3,18.3,94,848.0,1.3,1.3,3.8,3.8,4.8,5.1000000000000005,10.4,10.4,0,0,0
2026-09-10 00:00:00,2.0,17.9,91,847.8,0.8,2.0,5.4,5.8,6.4,7.0,12.3,12.4,0,0,0
2026-09-10 01:00:00,0.7,18.3,88,847.5,1.1,0.7,4.0,6.5,6.9,7.699999999999999,12.9,13.1,0,0,0
2026-09-10 02:00:00,0.5,18.1,88,846.7,0.5,0.5,3.2,7.0,7.3,8.2,13.2,13.6,0,0,0
2026-09-10 03:00:00,0.6,18.4,86,846.5,0.5,0.6,1.7999999999999998,7.199999999999999,7.8,8.799999999999999,13.5,14.2,0,0,0
2026-09-10 04:00:00,0.3,18.0,86,846.1,0.6,0.3,1.4,5.3999999999999995,8.0,9.1,13.5,14.5,0,0,0
2026-09-10 05:00:00,0.1,18.6,86,847.5,0.6,0.1,1.0,4.2,8.0,9.2,13.4,14.6,0,0,0
2026-09-10 06:00:00,0.0,18.8,92,847.5,0.3,0.0,0.4,2.1999999999999997,8.0,9.2,13.299999999999999,14.6,0,0,0
2026-09-10 07:00:00,0.0,19.6,95,848.9,2.5,0.0,0.1,1.5,8.0,9.2,13.299999999999999,14.6,0,0,0
2026-09-10 08:00:00,0.2,21.1,87,849.8,1.1,0.2,0.2,1.2,8.2,9.4,13.5,14.8,0,0,0
2026-09-10 09:00:00,0.1,23.3,72,850.5,2.3,0.1,0.30000000000000004,0.7,7.8999999999999995,9.5,13.6,14.9,0,0,0
2026-09-10 10:00:00,0.1,25.3,58,851.0,3.9,0.1,0.4,0.5,5.8999999999999995,9.6,13.7,15.0,0,0,0
2026-09-10 11:00:00,0.3,22.7,77,850.9,0.9,0.3,0.5,0.7000000000000001,4.9,9.700000000000001,14.0,15.3,0,0,0
2026-09-10 12:00:00,1.1,25.7,64,851.2,3.1,1.1,1.5,1.8000000000000003,4.0,10.4,15.0,16.4,0,0,0
2026-09-10 13:00:00,0.3,25.1,62,849.3,2.3,0.3,1.7,2.1,3.5999999999999996,10.5,14.799999999999999,16.7,0,0,0
2026-09-10 14:00:00,0.5,24.5,66,847.9,1.8,0.5,1.9,2.4000000000000004,3.5999999999999996,10.899999999999999,14.899999999999999,17.2,0,0,0
2026-09-10 15:00:00,0.3,23.6,71,847.2,4.5,0.3,1.0999999999999996,2.6,3.3000000000000003,11.1,14.8,17.5,0,0,0
2026-09-10 16:00:00,0.4,22.4,81,847.6,3.1,0.4,1.1999999999999997,2.9000000000000004,3.4,11.4,14.5,17.9,0,0,0
2026-09-10 17:00:00,0.7,21.4,91,847.5,0.4,0.7,1.3999999999999997,3.3000000000000003,4.0,12.0,15.0,18.6,0,0,0
2026-09-10 18:00:00,1.1,20.1,92,848.9,0.6,1.1,2.1999999999999997,3.3000000000000003,5.1000000000000005,13.100000000000001,15.899999999999999,19.7,0,0,0
2026-09-10 19:00:00,2.2,19.4,93,849.7,3.6,2.2,4.0,5.200000000000001,7.300000000000001,15.3,17.9,21.9,0,0,0
2026-09-10 20:00:00,1.8,19.1,94,850.4,2.9,1.8,5.1,6.500000000000001,8.9,17.1,19.4,23.7,0,0,0
2026-09-10 21:00:00,2.3,19.1,87,850.6,2.1,2.3,6.3,8.5,11.100000000000001,19.0,21.4,26.0,0,0,0
2026-09-10 22:00:00,0.2,19.6,83,850.6,0.4,0.2,4.3,8.3,11.200000000000001,17.1,21.2,26.2,0,0,0
2026-09-10 23:00:00,0.1,19.7,82,850.2,0.8,0.1,2.5999999999999996,7.7,11.0,15.9,21.0,26.3,0,0,0
2026-09-11 00:00:00,0.1,19.4,82,849.2,0.4,0.1,0.4,6.700000000000001,10.0,14.0,21.0,26.299999999999997,0,0,0
2026-09-11 01:00:00,0.1,18.9,83,848.3,0.0,0.1,0.30000000000000004,4.6000000000000005,9.8,13.4,21.1,26.3,0,0,0
2026-09-11 02:00:00,0.0,18.5,83,848.0,0.4,0.0,0.2,2.8000000000000007,9.3,12.9,21.1,26.1,0,0,0
2026-09-11 03:00:00,0.1,18.7,79,847.9,0.4,0.1,0.2,0.600000000000001,9.100000000000001,12.4,21.200000000000003,25.900000000000002,0,0,0
2026-09-11 04:00:00,0.2,18.5,78,847.9,0.3,0.2,0.30000000000000004,0.600000000000001,8.9,12.3,21.400000000000002,25.8,0,0,0
2026-09-11 05:00:00,0.1,18.3,77,848.4,0.5,0.1,0.4,0.600000000000001,8.299999999999999,12.3,21.5,25.7,0,0,0
2026-09-11 06:00:00,0.0,20.0,77,849.7,2.2,0.0,0.30000000000000004,0.5000000000000009,7.2,12.3,21.5,25.599999999999998,0,0,0
2026-09-11 07:00:00,0.0,22.2,86,851.5,1.6,0.0,0.1,0.4000000000000009,5.0,12.3,21.5,25.599999999999998,0,0,0
2026-09-11 08:00:00,0.0,21.6,86,851.6,2.9,0.0,0.0,0.4000000000000009,3.1999999999999997,12.1,21.5,25.599999999999998,0,0,0
2026-09-11 09:00:00,0.0,23.5,67,852.9,2.6,0.0,0.0,0.30000000000000093,0.9,12.0,21.5,25.599999999999998,0,0,0
2026-09-11 10:00:00,0.1,24.9,58,852.9,5.3,0.1,0.1,0.2000000000000009,0.8,12.0,21.6,25.7,0,0,0
2026-09-11 11:00:00,0.3,24.7,62,852.1,4.4,0.3,0.4,0.4000000000000009,1.0,12.0,21.7,26.0,0,0,0
2026-09-11 12:00:00,0.4,24.8,62,851.1,3.6,0.4,0.8,0.8000000000000009,1.3,11.299999999999999,21.7,26.3,0,0,0
2026-09-11 13:00:00,0.3,24.6,62,850.0,6.3,0.3,1.0,1.100000000000001,1.5,11.3,21.8,26.1,0,0,0
2026-09-11 14:00:00,0.2,24.8,63,848.5,3.2,0.2,0.8999999999999999,1.300000000000001,1.7,11.0,21.9,25.9,0,0,0
2026-09-11 15:00:00,0.1,23.5,71,847.7,5.1,0.1,0.6,1.4000000000000008,1.7000000000000002,10.8,21.900000000000002,25.6,0,0,0
2026-09-11 16:00:00,0.1,22.1,78,848.4,4.5,0.1,0.39999999999999997,1.4000000000000008,1.5999999999999999,10.5,21.9,25.0,0,0,0
2026-09-11 17:00:00,0.4,19.8,95,848.7,1.8,0.4,0.6,1.5000000000000009,1.9000000000000001,10.200000000000001,22.2,25.2,0,0,0
2026-09-11 18:00:00,0.3,19.5,93,849.6,2.9,0.3,0.8,1.4000000000000008,2.2,9.4,22.5,25.3,0,0,0
2026-09-11 19:00:00,0.2,18.8,94,850.9,0.6,0.2,0.8999999999999999,1.3000000000000007,2.4,7.3999999999999995,22.7,25.3,0,0,0
2026-09-11 20:00:00,1.0,19.5,89,850.8,2.6,1.0,1.5,2.1000000000000005,3.4000000000000004,6.6,23.7,26.0,0,0,0
2026-09-11 21:00:00,0.5,19.1,89,851.8,0.5,0.5,1.7,2.500000000000001,3.9000000000000004,4.8,23.8,26.2,0,0,0
2026-09-11 22:00:00,0.3,19.2,86,850.3,0.9,0.3,1.8,2.7000000000000006,4.1,4.8999999999999995,22.0,26.1,0,0,0
2026-09-11 23:00:00,0.0,18.1,91,849.8,2.6,0.0,0.8,2.3000000000000007,3.8000000000000003,4.8,20.700000000000003,25.8,0,0,0
2026-09-12 00:00:00,0.0,17.9,92,851.2,1.3,0.0,0.3,2.000000000000001,3.4000000000000004,4.699999999999999,18.700000000000003,25.700000000000003,0,0,0
2026-09-12 01:00:00,0.4,18.1,92,849.9,4.0,0.4,0.4,2.2000000000000006,3.5,5.0,18.4,26.1,0,0,0
2026-09-12 02:00:00,0.5,18.4,85,848.8,0.9,0.5,0.9,1.7000000000000006,3.8,5.5,18.4,26.6,0,0,0
2026-09-12 03:00:00,0.0,18.2,82,848.5,0.2,0.0,0.9,1.2000000000000006,3.7,5.4,17.8,26.6,0,0,0
2026-09-12 04:00:00,0.0,17.9,80,848.1,0.4,0.0,0.5,0.9000000000000006,3.6,5.2,17.5,26.6,0,0,0
2026-09-12 05:00:00,0.0,17.2,82,848.1,1.7,0.0,0.0,0.9000000000000006,3.2,5.1,17.4,26.6,0,0,0
2026-09-12 06:00:00,0.0,19.0,86,849.6,2.3,0.0,0.0,0.9000000000000006,2.9,5.1,17.4,26.6,0,0,0
2026-09-12 07:00:00,0.0,19.6,97,850.9,3.7,0.0,0.0,0.5000000000000007,2.7,5.1,17.4,26.6,0,0,0
2026-09-12 08:00:00,0.0,21.0,88,852.1,4.8,0.0,0.0,0.0,1.7,5.1,17.2,26.6,0,0,0
2026-09-12 09:00:00,0.0,22.9,75,853.0,5.6,0.0,0.0,0.0,1.2,5.1,17.1,26.6,0,0,0
2026-09-12 10:00:00,0.0,24.3,65,853.2,6.3,0.0,0.0,0.0,0.8999999999999999,5.0,17.0,26.6,0,0,0
2026-09-12 11:00:00,0.0,24.3,63,852.6,6.4,0.0,0.0,0.0,0.8999999999999999,4.7,16.7,26.4,0,0,0
2026-09-12 12:00:00,0.1,24.2,63,851.4,6.5,0.1,0.1,0.10000000000000067,0.9999999999999999,4.3999999999999995,15.7,26.1,0,0,0
2026-09-12 13:00:00,0.6,21.4,81,850.3,5.4,0.6,0.7,0.7000000000000006,1.1999999999999997,4.7,15.999999999999998,26.5,0,0,0
2026-09-12 14:00:00,0.7,20.6,87,849.1,1.7,0.7,1.4,1.4000000000000006,1.4,5.199999999999999,16.2,27.099999999999998,0,0,0
2026-09-12 15:00:00,0.2,21.1,86,848.5,1.7,0.2,1.4999999999999998,1.6000000000000005,1.5999999999999999,5.3,16.1,27.200000000000003,0,0,0
2026-09-12 16:00:00,0.0,21.0,88,848.6,2.5,0.0,0.8999999999999999,1.6000000000000005,1.5999999999999999,5.199999999999999,15.7,27.1,0,0,0
2026-09-12 17:00:00,0.2,19.4,98,848.8,0.6,0.2,0.4,1.8000000000000007,1.7999999999999998,5.0,15.200000000000001,27.2,0,0,0
2026-09-12 18:00:00,0.2,19.0,96,849.3,0.4,0.2,0.4,1.9000000000000006,1.9999999999999998,4.8999999999999995,14.299999999999999,27.4,0,0,0
2026-09-12 19:00:00,0.1,18.7,94,850.4,0.2,0.1,0.5,1.4000000000000006,2.0999999999999996,4.8,12.2,27.5,0,0,0
2026-09-12 20:00:00,0.1,18.3,93,851.0,0.6,0.1,0.4,0.8000000000000007,2.1999999999999997,3.9000000000000004,10.499999999999998,27.599999999999998,0,0,0
2026-09-12 21:00:00,0.4,18.0,95,851.7,0.5,0.4,0.6000000000000001,1.0000000000000009,2.5999999999999996,3.8000000000000003,8.6,27.6,0,0,0
2026-09-12 22:00:00,0.9,18.2,95,851.7,0.4,0.9,1.4,1.9000000000000008,3.5,4.4,9.3,26.4,0,0,0
2026-09-12 23:00:00,0.3,18.3,92,850.8,0.7,0.3,1.5999999999999999,2.0000000000000004,3.8,4.7,9.5,25.400000000000002,0,0,0
2026-09-13 00:00:00,0.0,18.0,93,849.9,0.6,0.0,1.2,1.8000000000000007,3.6999999999999997,4.7,9.4,23.4,0,0,0
2026-09-13 01:00:00,0.0,17.7,92,849.6,1.0,0.0,0.2999999999999999,1.7000000000000008,3.0999999999999996,4.3,9.3,22.7,0,0,0
2026-09-13 02:00:00,0.0,17.1,92,849.0,0.4,0.0,0.0,1.6000000000000008,2.4,3.8,9.3,22.2,0,0,0
2026-09-13 03:00:00,0.0,17.1,87,849.2,0.8,0.0,0.0,1.2000000000000006,2.1999999999999997,3.8,9.200000000000001,21.6,0,0,0
2026-09-13 04:00:00,0.4,16.9,88,849.0,1.5,0.4,0.3999999999999999,0.7000000000000006,2.5999999999999996,4.2,9.399999999999999,21.7,0,0,0
2026-09-13 05:00:00,0.5,16.9,83,849.5,0.4,0.5,0.8999999999999999,0.9000000000000006,2.9000000000000004,4.7,9.799999999999999,22.099999999999998,0,0,0
2026-09-13 06:00:00,0.1,18.9,88,850.5,2.6,0.1,0.9999999999999999,1.0000000000000007,2.8,4.8,9.9,22.2,0,0,0
2026-09-13 07:00:00,0.0,19.8,93,851.0,1.8,0.0,0.5999999999999999,1.0000000000000007,2.6999999999999997,4.8,9.9,22.2,0,0,0
2026-09-13 08:00:00,0.0,21.2,87,852.1,4.2,0.0,0.0999999999999999,1.0000000000000007,2.5999999999999996,4.8,9.9,22.0,0,0,0
2026-09-13 09:00:00,0.0,22.8,76,852.8,6.0,0.0,0.0,1.0000000000000007,2.1999999999999997,4.8,9.9,21.900000000000002,0,0,0
2026-09-13 10:00:00,0.2,23.8,67,852.8,6.0,0.2,0.1999999999999999,0.8000000000000006,1.5,5.0,10.0,22.0,0,0,0
2026-09-13 11:00:00,0.2,24.5,61,852.3,6.2,0.2,0.3999999999999999,0.5000000000000007,1.4,5.2,9.899999999999999,21.9,0,0,0
2026-09-13 12:00:00,0.5,23.2,69,851.0,7.4,0.5,0.8999999999999999,0.9000000000000007,1.9,5.6000000000000005,10.0,21.299999999999997,0,0,0
2026-09-13 13:00:00,1.7,22.7,80,850.5,5.4,1.7,2.4,2.6000000000000005,3.5999999999999996,6.699999999999999,11.4,22.7,0,0,0
2026-09-13 14:00:00,0.7,21.6,88,849.6,2.8,0.7,2.8999999999999995,3.3000000000000007,4.3,6.699999999999999,11.9,22.900000000000002,0,0,0
2026-09-13 15:00:00,1.2,20.3,97,848.4,3.1,1.2,3.5999999999999996,4.500000000000001,5.5,7.7,13.0,23.8,0,0,0
2026-09-13 16:00:00,0.5,20.2,100,848.2,1.7,0.5,2.4,4.800000000000001,5.6,8.2,13.399999999999999,23.9,0,0,0
2026-09-13 17:00:00,0.2,19.4,100,848.5,0.4,0.2,1.9,4.800000000000001,5.3,8.2,13.2,23.4,0,0,0
2026-09-13 18:00:00,0.3,19.4,97,849.3,0.2,0.3,1.0,4.6000000000000005,5.5,8.3,13.2,22.6,0,0,0
2026-09-13 19:00:00,0.1,18.9,98,850.4,0.8,0.1,0.6,3.0000000000000004,5.6,8.3,13.1,20.499999999999996,0,0,0
2026-09-13 20:00:00,0.2,18.2,100,851.3,1.1,0.2,0.6,2.500000000000001,5.8,8.4,12.299999999999999,18.900000000000002,0,0,0
2026-09-13 21:00:00,0.5,18.4,97,851.8,0.3,0.5,0.8,1.8000000000000007,6.3,8.5,12.299999999999999,17.1,0,0,0
2026-09-13 22:00:00,0.1,18.4,97,851.7,0.2,0.1,0.8,1.4000000000000008,6.199999999999999,7.7,12.1,17.0,0,0,0
2026-09-13 23:00:00,0.1,18.3,95,851.1,0.6,0.1,0.7,1.3000000000000007,6.1,7.5,12.200000000000001,17.0,0,0,0
